task,metric,avg_spearman,avg_kendall_tau_a,max_std,max_std_step,min_std,min_std_step,mean_std,avg_snr,max_n_std
lighteval|belebele_fra_Latn_cf|0,acc_norm_token,0.9319583522838641,0.8142857142857143,0.011832546011675894,12500.0,0.009074074082426305,13500.0,0.010769299828150992,36.429468202645424,5.502610215670293
lighteval|belebele_fra_Latn_cf|0,acc_norm,0.8835080193096516,0.8714285714285716,0.010006856355418018,12000.0,0.006915784479744769,13500.0,0.00831440018173581,39.467829664121524,9.532769356083561
lighteval|belebele_fra_Latn_cf|0,acc_norm_pmi,0.6652251512605539,0.6714285714285715,0.014348765095047629,12500.0,0.01267222460742952,13000.0,0.0132570701620912,41.5251827180651,3.5829937851447022
lighteval|belebele_fra_Latn_cf|0,acc,,-1.0,0.0,12000.0,0.0,12000.0,0.0,,
