task,metric,avg_spearman,avg_kendall_tau_a,max_std,max_std_step,min_std,min_std_step,mean_std,avg_snr,max_n_std
lighteval|community_boolq_fra_cf|0,acc,-0.27994732830445346,0.5571428571428572,0.024890639231045848,14000.0,0.01705217025914127,12500.0,0.020435707118704394,21.727883301403935,-0.36654648926456884
lighteval|community_boolq_fra_cf|0,acc_norm,-0.27994732830445346,0.5571428571428572,0.024890639231045848,14000.0,0.01705217025914127,12500.0,0.020435707118704394,21.727883301403935,-0.36654648926456884
lighteval|community_boolq_fra_cf|0,acc_norm_token,-0.27994732830445346,0.5571428571428572,0.024890639231045848,14000.0,0.01705217025914127,12500.0,0.020435707118704394,21.727883301403935,-0.36654648926456884
lighteval|community_boolq_fra_cf|0,acc_norm_pmi,-0.058488057877542986,0.6714285714285715,0.026172603372195572,13500.0,0.01824441668095703,12000.0,0.02193982601430325,25.868173949827934,0.3414173246003262
lighteval|community_boolq_fra_cf|0,prefix_match,0.49579676465134986,0.8571428571428571,0.14129996323230828,14000.0,0.12406160930092396,12500.0,0.13348657246401235,2.833916983096886,3.1564846322920945
