task,metric,avg_spearman,avg_kendall_tau_a,max_std,max_std_step,min_std,min_std_step,mean_std,avg_snr,max_n_std
lighteval|exams_fra_cf:_average|0,acc,0.3107389162561576,0.8857142857142859,0.010831003774512078,14000.0,0.007827185158742365,12500.0,0.009475170795981893,35.01810096690149,1.7955004294537724
lighteval|exams_fra_cf:_average|0,acc_norm,0.4640559253011218,0.8285714285714285,0.013730419617633586,13500.0,0.006497702463454469,12000.0,0.01120000956778498,17.35285558153405,-4.625643413795095
lighteval|exams_fra_cf:_average|0,acc_norm_token,0.029359605911330033,0.8428571428571429,0.03306459129839118,14000.0,0.012780562217037028,12500.0,0.02124876130404102,9.243598425163485,3.226329349386389
lighteval|exams_fra_cf:_average|0,acc_norm_pmi,0.42167487684729055,0.8285714285714286,0.07165831397076566,12000.0,0.059318857201346505,13000.0,0.06335345969902252,7.096033428886298,2.71698607123302
