task,metric,avg_spearman,avg_kendall_tau_a,max_std,max_std_step,min_std,min_std_step,mean_std,avg_snr,max_n_std
lighteval|fquadv2_fra|0,prefix_match,0.9134182611410159,0.8714285714285716,0.0025909386258580044,12500.0,0.0007978559231302843,12000.0,0.0016764710765049446,12.832376648785427,17.89473163029038
lighteval|fquadv2_fra|0,f1,0.9268965517241377,0.9142857142857144,0.018334062810179245,14000.0,0.013405887859651045,12500.0,0.015642999827592645,10.992966039431904,9.934259533299628
