task,metric,avg_spearman,avg_kendall_tau_a,max_std,max_std_step,min_std,min_std_step,mean_std,avg_snr,max_n_std
lighteval|frenchbench_arc_fra_cf:challenge|0,acc,0.39032092226804344,0.9285714285714286,0.005446711546122727,14000.0,0.002767202090091613,13000.0,0.0038581248710248734,41.760885942334006,-10.235584345626206
lighteval|frenchbench_arc_fra_cf:challenge|0,acc_norm,0.47094236359092145,0.7285714285714285,0.0077004088395549765,14000.0,0.00525286517936569,12000.0,0.005860221738409951,59.16262144469415,3.329197825193602
lighteval|frenchbench_arc_fra_cf:challenge|0,acc_norm_token,0.5434574953415395,0.7857142857142857,0.005411749905255877,13500.0,0.003071674654839786,12500.0,0.003902678874676325,46.07573245769142,0.045226404477874134
lighteval|frenchbench_arc_fra_cf:challenge|0,acc_norm_pmi,0.8031042730434119,0.8285714285714285,0.008390912191615849,14000.0,0.004483508877191169,12000.0,0.006953815925847949,34.47043093945632,4.243689764202136
