task,metric,avg_spearman,avg_kendall_tau_a,max_std,max_std_step,min_std,min_std_step,mean_std,avg_snr,max_n_std
lighteval|frenchbench_hellaswag_fra_cf|0,acc,0.9162543400522513,0.9571428571428572,0.007514800211730305,12500.0,0.0059907335852037846,13500.0,0.006617520472279356,67.8915225967318,10.376494784460407
lighteval|frenchbench_hellaswag_fra_cf|0,acc_norm,0.9936690569869873,0.9571428571428572,0.0065799921197746605,13500.0,0.005216604543471053,12000.0,0.005963576160852539,79.32360136835686,23.25226725147469
lighteval|frenchbench_hellaswag_fra_cf|0,acc_norm_token,0.9802685134091386,0.942857142857143,0.004876246279442544,14000.0,0.0019051586888313484,12000.0,0.0033677456984434555,85.96683914929832,42.75857291319697
lighteval|frenchbench_hellaswag_fra_cf|0,acc_norm_pmi,0.920999384778338,0.9000000000000001,0.010257788368952733,14000.0,0.005659308948783189,12000.0,0.00801514726461981,52.135878469586196,11.810970346676104
