task,metric,avg_spearman,avg_kendall_tau_a,max_std,max_std_step,min_std,min_std_step,mean_std,avg_snr,max_n_std
lighteval|meta_mmlu_fra_cf:_average|0,acc,0.9663054187192115,0.9000000000000001,0.003212656243789246,13000.0,0.001813029193217253,12000.0,0.0026027546693689514,170.25864821811768,3.4218831064445845
lighteval|meta_mmlu_fra_cf:_average|0,acc_norm,0.9453201970443347,0.8571428571428571,0.0015830217833691035,12000.0,0.0012297747366885434,12500.0,0.001406666582068656,139.29654233283563,10.639355284408726
lighteval|meta_mmlu_fra_cf:_average|0,acc_norm_token,0.9475862068965515,0.8714285714285713,0.003368878169674723,14000.0,0.00212626042101699,12500.0,0.002687585846844828,105.61836475798535,5.32225577716621
lighteval|meta_mmlu_fra_cf:_average|0,acc_norm_pmi,0.9466995073891622,0.8142857142857144,0.0031683379342538915,12500.0,0.002229355088862729,12000.0,0.0027709748370716137,135.51319285179966,11.321672808772567
