task,metric,avg_spearman,avg_kendall_tau_a,max_std,max_std_step,min_std,min_std_step,mean_std,avg_snr,max_n_std
lighteval|mintaka_fra|0,prefix_match,0.32850318474065904,0.8,0.0019626135258506315,12000.0,0.0008606629658238685,14000.0,0.0013651983601293796,19.336637818131166,15.382380035975018
lighteval|mintaka_fra|0,f1,0.8588913692531301,0.9142857142857145,0.004505801176845436,14000.0,0.0021061316710423886,12500.0,0.003141424804719209,5.242536449055526,9.176305463907681
