task,metric,avg_spearman,avg_kendall_tau_a,max_std,max_std_step,min_std,min_std_step,mean_std,avg_snr,max_n_std
lighteval|mkqa_fra:_average|0,prefix_match,0.839944838022913,0.9714285714285714,0.0021823632260098793,13500.0,0.0015410068348985125,12000.0,0.0019018801323599688,12.695750478153558,9.69635566733478
lighteval|mkqa_fra:_average|0,f1,0.9044083072445982,0.8428571428571429,0.0036357976380435083,13500.0,0.0016905392677738196,12000.0,0.0030566195256520046,11.124890262507789,6.564890171946734
