task,metric,avg_spearman,avg_kendall_tau_a,max_std,max_std_step,min_std,min_std_step,mean_std,avg_snr,max_n_std
lighteval|mlmm_truthfulqa_fra_cf:mc1|0,acc,-0.5073978533950186,0.557142857142857,0.004126437297411224,12000.0,0.00261950802765748,14000.0,0.003152283679483428,47.862751719649204,3.8697285017187935
lighteval|mlmm_truthfulqa_fra_cf:mc1|0,acc_norm,-0.5913728056784178,0.6,0.009915035926849568,14000.0,0.005569579899463042,12500.0,0.007550744268185204,42.35893156695229,10.814903988216624
lighteval|mlmm_truthfulqa_fra_cf:mc1|0,acc_norm_token,-0.5851417475641502,0.8428571428571431,0.009165220260563826,14000.0,0.006664456157240361,12000.0,0.008177555577080753,44.91989911754505,11.643351415043497
lighteval|mlmm_truthfulqa_fra_cf:mc1|0,acc_norm_pmi,0.60406945633459,0.7285714285714285,0.014119723203271237,14000.0,0.009269023616920351,12000.0,0.012026082952643433,32.056176348870004,11.439226571809721
