task,metric,avg_spearman,avg_kendall_tau_a,max_std,max_std_step,min_std,min_std_step,mean_std,avg_snr,max_n_std
lighteval|mlmm_mmlu_fra_cf:_average|0,acc,0.9674876847290639,0.8714285714285716,0.003078291516536905,13000.0,0.0025061797575874722,13500.0,0.0028611765080196042,118.80493958554791,1.19437093695139
lighteval|mlmm_mmlu_fra_cf:_average|0,acc_norm,0.9285714285714283,0.8857142857142859,0.0037879447756032857,13500.0,0.003351385690065108,12000.0,0.003488018844147632,91.12825716304411,5.621972790151405
lighteval|mlmm_mmlu_fra_cf:_average|0,acc_norm_token,0.7798029556650244,0.9142857142857144,0.004476803469443819,14000.0,0.003888836589521629,12500.0,0.0042105415545458085,89.0296829735587,4.645118348782844
lighteval|mlmm_mmlu_fra_cf:_average|0,acc_norm_pmi,0.864926108374384,0.8142857142857144,0.002460959005038028,13500.0,0.0015466467972151236,12000.0,0.002072840684124431,112.18633204504484,18.897725683090616
