task,metric,avg_spearman,avg_kendall_tau_a,max_std,max_std_step,min_std,min_std_step,mean_std,avg_snr,max_n_std
lighteval|mlmm_hellaswag_fra_cf|0,acc,0.9331546594470586,0.9571428571428572,0.007428673177976302,12500.0,0.006128258770283396,13500.0,0.00674366197854713,68.12554748634848,10.231829563744759
lighteval|mlmm_hellaswag_fra_cf|0,acc_norm,0.9951965512752515,0.9571428571428572,0.005915297181100985,14000.0,0.004849589520621115,12000.0,0.005577815414273326,80.51117349534047,25.03967168029033
lighteval|mlmm_hellaswag_fra_cf|0,acc_norm_token,0.9783945672064815,0.942857142857143,0.005301117981317864,14000.0,0.0017078251276599144,12500.0,0.003554394583113191,85.91313342601318,40.32566727799585
lighteval|mlmm_hellaswag_fra_cf|0,acc_norm_pmi,0.9241864005232004,0.9285714285714286,0.010311356558381333,13500.0,0.006244256620346451,12000.0,0.008090020837647436,51.98745741048997,11.454441036225314
