task,metric,avg_spearman,avg_kendall_tau_a,max_std,max_std_step,min_std,min_std_step,mean_std,avg_snr,max_n_std
lighteval|mlmm_truthfulqa_fra_cf:mc2|0,acc,-0.7144827586206896,0.8571428571428573,0.006833435856678162,12500.0,0.004845929166251554,12000.0,0.005656924372008648,98.66513763709665,-3.3892797108744266
lighteval|mlmm_truthfulqa_fra_cf:mc2|0,acc_norm,-0.6761576354679801,0.9000000000000001,0.003974974808569867,14000.0,0.0019342377671367295,12000.0,0.002805534281780256,154.97811255602952,0.8654741864210006
lighteval|mlmm_truthfulqa_fra_cf:mc2|0,acc_norm_token,-0.731231527093596,0.9000000000000001,0.0040039637521758304,13500.0,0.0017320205012246834,12000.0,0.0029243251117510713,128.54101931472317,1.7176139022582995
lighteval|mlmm_truthfulqa_fra_cf:mc2|0,acc_norm_pmi,0.4120197044334975,0.8714285714285716,0.008052394073645169,14000.0,0.005519028728337244,12000.0,0.006680244910755448,65.89854710216409,1.271351701441273
