task,metric,avg_spearman,avg_kendall_tau_a,max_std,max_std_step,min_std,min_std_step,mean_std,avg_snr,max_n_std
lighteval|mlmm_arc_fra_cf:challenge|0,acc,0.393383584062737,0.9285714285714286,0.006584915421712792,14000.0,0.002509242175696951,12500.0,0.004151794403015647,41.49007164845205,-9.511589134724426
lighteval|mlmm_arc_fra_cf:challenge|0,acc_norm,0.47906312650764793,0.7571428571428572,0.007309937426899445,14000.0,0.005486515456266557,12500.0,0.005936681002938265,57.66435059431145,3.1178763786542567
lighteval|mlmm_arc_fra_cf:challenge|0,acc_norm_token,0.5487894239427764,0.8714285714285716,0.006067521307322681,13500.0,0.0034034296427770173,12500.0,0.004486944985954476,45.01519579305811,-0.10924193072740374
lighteval|mlmm_arc_fra_cf:challenge|0,acc_norm_pmi,0.8027141805062483,0.8000000000000002,0.009186846474615103,13500.0,0.004255715111601203,12000.0,0.007484936319604958,32.42858720767327,3.8089619269027244
