task,metric,avg_spearman,avg_kendall_tau_a,max_std,max_std_step,min_std,min_std_step,mean_std,avg_snr,max_n_std
lighteval|pawsx_fra_cf|0,acc,-0.8360381917818126,0.5857142857142857,0.01989486254176076,12000.0,0.005702501075713916,14000.0,0.013643718485291662,27.634507894241377,-2.589714334213482
lighteval|pawsx_fra_cf|0,acc_norm,-0.8360381917818126,0.5857142857142857,0.01989486254176076,12000.0,0.005702501075713916,14000.0,0.013643718485291662,27.634507894241377,-2.589714334213482
lighteval|pawsx_fra_cf|0,acc_norm_token,-0.8360381917818126,0.5857142857142857,0.01989486254176076,12000.0,0.005702501075713916,14000.0,0.013643718485291662,27.634507894241377,-2.589714334213482
lighteval|pawsx_fra_cf|0,acc_norm_pmi,0.3448425894251879,0.6428571428571429,0.012932875135067847,13000.0,0.007569431702333787,12000.0,0.010795544471659018,31.028201244136888,2.0070008255301053
