task,metric,avg_spearman,avg_kendall_tau_a,max_std,max_std_step,min_std,min_std_step,mean_std,avg_snr,max_n_std
lighteval|xcodah_fra_cf|0,acc,0.9049942997455058,0.8857142857142859,0.01969677544158677,14000.0,0.013379549537527798,12000.0,0.016123186881870415,32.6993117553777,8.062922110403461
lighteval|xcodah_fra_cf|0,acc_norm,0.8817040800653387,0.7571428571428572,0.008654312176656735,12000.0,0.004350866711821104,13000.0,0.0063638973248850055,47.832100494640734,17.983389516015077
lighteval|xcodah_fra_cf|0,acc_norm_token,0.8362598907864864,0.9142857142857144,0.008630503849694285,14000.0,0.004107606126509111,12000.0,0.006453419920527286,39.52505164567795,15.495659856553917
lighteval|xcodah_fra_cf|0,acc_norm_pmi,0.8385364982752573,0.8428571428571431,0.017835554271303393,14000.0,0.003628873711156464,13000.0,0.009571360623268493,35.70612657411324,12.305228316269112
