task,metric,avg_spearman,avg_kendall_tau_a,max_std,max_std_step,min_std,min_std_step,mean_std,avg_snr,max_n_std
lighteval|xcsqa_fra_cf|0,acc,0.9413401418252271,0.9142857142857145,0.012638492057262299,14000.0,0.006823163163486255,12500.0,0.00967029316616686,30.943790372630275,8.410637809605571
lighteval|xcsqa_fra_cf|0,acc_norm,0.9215441005699466,0.8285714285714286,0.007450453627750417,14000.0,0.004626813958590413,13000.0,0.005950278962668687,65.20603760832488,11.876193891079826
lighteval|xcsqa_fra_cf|0,acc_norm_token,0.8636548903228102,0.7571428571428571,0.009875146506179973,13500.0,0.008407998837086287,14000.0,0.00937248894677416,41.238049180190224,5.299197144826834
lighteval|xcsqa_fra_cf|0,acc_norm_pmi,0.9095250147994577,0.9285714285714286,0.012917114687570577,14000.0,0.009382311963358397,13500.0,0.011904755455130542,32.401246083416986,11.788006386376841
