task,metric,avg_spearman,avg_kendall_tau_a,max_std,max_std_step,min_std,min_std_step,mean_std,avg_snr,max_n_std
lighteval|xnli_fra_cf|0,acc,0.6452490212242775,0.7857142857142857,0.02971531591620725,12000.0,0.018125846084977602,14000.0,0.024746017390785607,34.79253434853125,7.233487198091606
lighteval|xnli_fra_cf|0,acc_norm,0.6452490212242775,0.7857142857142857,0.02971531591620725,12000.0,0.018125846084977602,14000.0,0.024746017390785607,34.79253434853125,7.233487198091606
lighteval|xnli_fra_cf|0,acc_norm_token,0.6452490212242775,0.7857142857142857,0.02971531591620725,12000.0,0.018125846084977602,14000.0,0.024746017390785607,34.79253434853125,7.233487198091606
lighteval|xnli_fra_cf|0,acc_norm_pmi,0.7092488421499704,0.8142857142857143,0.04815128551031942,13500.0,0.0401884449949374,12000.0,0.04311820793615366,26.0284675824623,3.0226982885355884
