task,metric,avg_spearman,avg_kendall_tau_a,max_std,max_std_step,min_std,min_std_step,mean_std,avg_snr,max_n_std
lighteval|xnli2.0_fra_cf|0,acc,0.7138667215993666,0.8285714285714288,0.033207540419921855,12500.0,0.025291449294324902,14000.0,0.030004612511434065,31.190035745748673,7.210002570467915
lighteval|xnli2.0_fra_cf|0,acc_norm,0.7138667215993666,0.8285714285714288,0.033207540419921855,12500.0,0.025291449294324902,14000.0,0.030004612511434065,31.190035745748673,7.210002570467915
lighteval|xnli2.0_fra_cf|0,acc_norm_token,0.7138667215993666,0.8285714285714288,0.033207540419921855,12500.0,0.025291449294324902,14000.0,0.030004612511434065,31.190035745748673,7.210002570467915
lighteval|xnli2.0_fra_cf|0,acc_norm_pmi,0.7924943501834034,0.7714285714285715,0.033862877084566305,14000.0,0.027065079318533608,12500.0,0.030206358688137376,26.492391267386786,4.14923674274431
