task,metric,avg_spearman,avg_kendall_tau_a,max_std,max_std_step,min_std,min_std_step,mean_std,avg_snr,max_n_std
lighteval|xwinograd_fra_cf|0,acc,0.3845384277360576,0.6285714285714284,0.01715663401134806,12000.0,0.009489589601983485,14000.0,0.013806359472454404,36.100244568405465,5.090489249312046
lighteval|xwinograd_fra_cf|0,acc_norm,0.477004186668752,0.6142857142857142,0.01326922865309765,12000.0,0.007690177561783566,13500.0,0.010047465609454409,42.20334878975186,4.996364770113013
lighteval|xwinograd_fra_cf|0,acc_norm_token,0.16689859152780542,0.7285714285714288,0.01585370719827125,14000.0,0.0038450887895956354,12500.0,0.008599168762181041,47.265701288589156,3.969749531698752
lighteval|xwinograd_fra_cf|0,acc_norm_pmi,-0.23962006331183697,0.5285714285714286,0.019776822909920534,12000.0,0.008675690380136042,13000.0,0.013525577937808286,35.65881963962338,0.4453855079390544
