task,metric,avg_spearman,avg_kendall_tau_a,max_std,max_std_step,min_std,min_std_step,mean_std,avg_snr,max_n_std
lighteval|agieval_zho_cf:_average|0,acc,0.589655172413793,0.9285714285714287,0.005185661962182254,12500.0,0.0045243084516412724,13500.0,0.004747166178920889,60.36919542879196,-8.839722068223953
lighteval|agieval_zho_cf:_average|0,acc_norm,0.16256157635467977,0.9000000000000001,0.0036618633106219947,13500.0,0.001839151629345663,12000.0,0.0030460033039391692,93.71761196111117,8.65090799176829
lighteval|agieval_zho_cf:_average|0,acc_norm_token,0.39399014778325114,0.9285714285714286,0.003924464098833404,13000.0,0.0031395440583270465,14000.0,0.003557080762130865,70.18388470267341,6.7191011670149745
lighteval|agieval_zho_cf:_average|0,acc_norm_pmi,0.5654187192118225,0.9142857142857144,0.004808727506960129,12500.0,0.0023648981682346222,14000.0,0.003500608032653772,83.54301998441859,21.43720882200871
