task,metric,avg_spearman,avg_kendall_tau_a,max_std,max_std_step,min_std,min_std_step,mean_std,avg_snr,max_n_std
lighteval|belebele_zho_Hans_cf|0,acc_norm_token,0.6461003126106583,0.9571428571428572,0.003758848744416549,14000.0,0.002721655256150827,12500.0,0.003262716354016624,62.639158462206325,17.197667532225648
lighteval|belebele_zho_Hans_cf|0,acc_norm,0.5600183879553705,0.7142857142857143,0.008209644479408394,13500.0,0.002059361392628882,12000.0,0.005495646979278701,52.8436393913009,8.895929643831781
lighteval|belebele_zho_Hans_cf|0,acc_norm_pmi,0.7441555599482756,0.7999999999999999,0.006350528967307272,12500.0,0.0041394861267386,13000.0,0.005249797320304518,44.151454254121525,7.7604406889693305
lighteval|belebele_zho_Hans_cf|0,acc,,-1.0,0.0,12000.0,0.0,12000.0,0.0,,
