task,metric,avg_spearman,avg_kendall_tau_a,max_std,max_std_step,min_std,min_std_step,mean_std,avg_snr,max_n_std
lighteval|c3_zho_cf|0,acc,0.9355294310207134,0.8857142857142859,0.016704401726402425,13500.0,0.01565010945411966,12500.0,0.016179242213052964,32.76468475097556,10.077196600826953
lighteval|c3_zho_cf|0,acc_norm,0.9331100592161317,0.8857142857142858,0.016139151843334993,12000.0,0.013685285420371677,13000.0,0.015281496911644644,38.413344754818674,13.330374143175238
lighteval|c3_zho_cf|0,acc_norm_token,0.9402243309059015,0.8571428571428573,0.006652067347825015,12000.0,0.004380089632094915,13500.0,0.005134646423585867,77.86438441669829,33.700743996406864
lighteval|c3_zho_cf|0,acc_norm_pmi,0.8371874071560257,0.8857142857142859,0.010266810965796886,14000.0,0.009255628917943279,12000.0,0.009609304906754271,54.219015701603304,20.678714353244256
