task,metric,avg_spearman,avg_kendall_tau_a,max_std,max_std_step,min_std,min_std_step,mean_std,avg_snr,max_n_std
lighteval|ceval_zho_cf:_average|0,acc,0.9297536945812805,0.9000000000000001,0.01000152293486996,12500.0,0.005537114015370359,14000.0,0.00810862790411786,53.59494447368445,2.5203170304092595
lighteval|ceval_zho_cf:_average|0,acc_norm,0.9341871921182264,0.8714285714285717,0.011325158263146659,12500.0,0.006872670839383958,14000.0,0.009315124972516483,56.611282539364296,6.23286072610952
lighteval|ceval_zho_cf:_average|0,acc_norm_token,0.8448275862068962,0.8,0.008107292311457412,12500.0,0.004472028992772136,14000.0,0.006330161307848453,59.08644568115808,8.302531016838069
lighteval|ceval_zho_cf:_average|0,acc_norm_pmi,0.6545812807881772,0.9142857142857145,0.00898231340086163,13500.0,0.004504655283914529,12500.0,0.006500094799520219,49.633368887793885,8.558712118697056
