task,metric,avg_spearman,avg_kendall_tau_a,max_std,max_std_step,min_std,min_std_step,mean_std,avg_snr,max_n_std
lighteval|chinese_squad_zho|0,prefix_match,0.9030820306911209,0.942857142857143,0.0077190241179396065,12000.0,0.0032998316455372222,13500.0,0.004974376170285156,15.650156634057252,17.75767057204072
lighteval|chinese_squad_zho|0,f1,0.8532019704433494,0.9571428571428572,0.01428728256417262,12000.0,0.0060128424705331515,14000.0,0.00889367967057229,13.690579127998502,17.748706220437693
