task,metric,avg_spearman,avg_kendall_tau_a,max_std,max_std_step,min_std,min_std_step,mean_std,avg_snr,max_n_std
lighteval|cmath_zho_cf|0,prefix_match,0.589786408480369,0.9857142857142858,0.0031431878132923644,13500.0,0.001784708711578777,12000.0,0.002575222005144792,5.22113437892002,10.096216927339492
lighteval|cmath_zho_cf|0,f1,0.7815479848828698,0.9142857142857145,0.0024727960133927107,14000.0,0.0015605795578672713,12000.0,0.002051737242241245,6.689445652144161,5.373484563723523
