task,metric,avg_spearman,avg_kendall_tau_a,max_std,max_std_step,min_std,min_std_step,mean_std,avg_snr,max_n_std
lighteval|cmmlu_zho_cf:_average|0,acc,0.9818719211822658,1.0,0.0029671246169649785,13500.0,0.0018617003228155156,12000.0,0.0024921577668429026,117.65860421004196,15.234267297115286
lighteval|cmmlu_zho_cf:_average|0,acc_norm,0.9811822660098519,0.9571428571428572,0.0026411383983558335,14000.0,0.001507809472887308,12500.0,0.0020293419167470685,142.49194606912684,30.55079486032577
lighteval|cmmlu_zho_cf:_average|0,acc_norm_token,0.9631527093596055,0.9571428571428572,0.002997507472935283,13000.0,0.002506376801748313,12000.0,0.002743916413820656,140.2072388064457,23.388857671982024
lighteval|cmmlu_zho_cf:_average|0,acc_norm_pmi,0.9150738916256156,0.9428571428571428,0.005988965256381051,12000.0,0.003719783138039212,13000.0,0.004570277559083129,84.26186704880705,13.064373500613316
