task,metric,avg_spearman,avg_kendall_tau_a,max_std,max_std_step,min_std,min_std_step,mean_std,avg_snr,max_n_std
lighteval|cmnli_zho_cf|0,acc,0.31429462834784655,0.8,0.004145501801372773,13000.0,0.0011666666666666676,14000.0,0.0023413316975537525,92.98378384699033,17.369032636065867
lighteval|cmnli_zho_cf|0,acc_norm,0.31429462834784655,0.8,0.004145501801372773,13000.0,0.0011666666666666676,14000.0,0.0023413316975537525,92.98378384699033,17.369032636065867
lighteval|cmnli_zho_cf|0,acc_norm_token,0.31429462834784655,0.8,0.004145501801372773,13000.0,0.0011666666666666676,14000.0,0.0023413316975537525,92.98378384699033,17.369032636065867
lighteval|cmnli_zho_cf|0,acc_norm_pmi,0.6869497884582237,0.8714285714285713,0.015578653486243465,14000.0,0.010989894347889688,12500.0,0.012676178525271222,65.5518618778363,6.363642363181431
