task,metric,avg_spearman,avg_kendall_tau_a,max_std,max_std_step,min_std,min_std_step,mean_std,avg_snr,max_n_std
lighteval|cmrc2018_zho|0,prefix_match,0.7996498334567586,0.9142857142857144,0.009492152098220998,12500.0,0.007362284801565134,13500.0,0.008276297892763369,6.417905317576268,5.537902811200457
lighteval|cmrc2018_zho|0,f1,0.9185221674876844,0.9142857142857144,0.025438310515102345,12000.0,0.012992427927941433,14000.0,0.01786069518362534,13.417043189006858,15.57835415919814
