task,metric,avg_spearman,avg_kendall_tau_a,max_std,max_std_step,min_std,min_std_step,mean_std,avg_snr,max_n_std
lighteval|m3exams_zho_cf|0,acc_norm,0.7036871803635922,0.9285714285714286,0.010019329154959481,13000.0,0.007723805127071164,14000.0,0.009020278207027171,44.07307201160759,10.16093159542804
lighteval|m3exams_zho_cf|0,acc,0.7133488058186603,0.9285714285714286,0.016250685551098817,13000.0,0.01211803908163525,12000.0,0.01391775812735846,28.04507165315893,5.9523851716572
lighteval|m3exams_zho_cf|0,acc_norm_token,0.8426364710377625,0.8714285714285716,0.009566725541611313,13000.0,0.006669581786253906,14000.0,0.008411713030459417,34.43400994211418,9.441302028780994
lighteval|m3exams_zho_cf|0,acc_norm_pmi,0.713047881783393,0.8285714285714286,0.022202933078746698,14000.0,0.01530412583304446,12000.0,0.018227158194040964,25.49977301574359,3.1755124532938073
