task,metric,avg_spearman,avg_kendall_tau_a,max_std,max_std_step,min_std,min_std_step,mean_std,avg_snr,max_n_std
lighteval|mkqa_zho:_average|0,prefix_match,0.6788925255232148,0.9,0.003027028538734857,13000.0,0.002256972560270163,14000.0,0.002750511279977611,5.819947149073012,5.418249463346312
lighteval|mkqa_zho:_average|0,f1,0.9179310344827585,0.9714285714285714,0.010752509108828936,12500.0,0.007242324084177208,14000.0,0.009410561493890442,6.059809355878672,5.518348081608237
