task,metric,avg_spearman,avg_kendall_tau_a,max_std,max_std_step,min_std,min_std_step,mean_std,avg_snr,max_n_std
lighteval|mlmm_arc_zho_cf:challenge|0,acc,0.2333293204695852,0.9000000000000001,0.005517648452415602,13500.0,0.0032702361450581007,12000.0,0.004508891164956357,36.379325932711666,-7.575409108445539
lighteval|mlmm_arc_zho_cf:challenge|0,acc_norm,0.21916132695174415,0.8285714285714285,0.004669641908707281,12000.0,0.002025302903728675,13500.0,0.003312037794188035,48.11329441192134,3.273907326488799
lighteval|mlmm_arc_zho_cf:challenge|0,acc_norm_token,0.41964202993633404,0.7428571428571429,0.013755470292322337,14000.0,0.012013495497733952,13000.0,0.012881883607499454,21.43962180810456,0.06546440145671341
lighteval|mlmm_arc_zho_cf:challenge|0,acc_norm_pmi,0.7586261772609152,0.942857142857143,0.009400551599261099,12000.0,0.0061282587702834335,13500.0,0.008114316298180024,26.26220298668462,3.5135395785669865
