task,metric,avg_spearman,avg_kendall_tau_a,max_std,max_std_step,min_std,min_std_step,mean_std,avg_snr,max_n_std
lighteval|mlmm_truthfulqa_zho_cf:mc1|0,acc,-0.3669676437616118,0.9,0.00657485246572417,14000.0,0.004521480194928399,12000.0,0.0054442188939902905,60.65207068932563,7.191115474168353
lighteval|mlmm_truthfulqa_zho_cf:mc1|0,acc_norm,-0.6642235635419509,0.8142857142857143,0.010300287734353647,14000.0,0.007419809443150701,12000.0,0.008755053660473206,49.37544877743669,10.269660417875004
lighteval|mlmm_truthfulqa_zho_cf:mc1|0,acc_norm_token,-0.10657425388417205,0.8571428571428573,0.005406173014833451,13500.0,0.0008720612496813586,12000.0,0.003549930308684433,53.270058731466825,15.794811622873564
lighteval|mlmm_truthfulqa_zho_cf:mc1|0,acc_norm_pmi,0.41418795001107167,0.7714285714285715,0.013673930114268144,12000.0,0.007853299667919955,13000.0,0.009542459050075414,37.24817062379139,14.165499136437486
