task,metric,avg_spearman,avg_kendall_tau_a,max_std,max_std_step,min_std,min_std_step,mean_std,avg_snr,max_n_std
lighteval|mlmm_truthfulqa_zho_cf:mc2|0,acc,-0.6947783251231525,0.8857142857142858,0.0058499298811955135,12500.0,0.0035354191895562073,13500.0,0.004622795078033902,109.31979659357964,-1.3458218808419917
lighteval|mlmm_truthfulqa_zho_cf:mc2|0,acc_norm,-0.6894581280788176,0.9142857142857144,0.004845304619084123,14000.0,0.004014848501888452,12500.0,0.00436400087736891,94.66618317551126,-2.4803456363783605
lighteval|mlmm_truthfulqa_zho_cf:mc2|0,acc_norm_token,-0.49842364532019695,0.8571428571428573,0.0032123453530082087,12500.0,0.0022159419684950232,13000.0,0.0028203076142513917,145.89029529788485,-14.418531650418524
lighteval|mlmm_truthfulqa_zho_cf:mc2|0,acc_norm_pmi,0.14709359605911326,0.7142857142857143,0.009592487861770766,13000.0,0.0071239048411922,14000.0,0.00858283892410468,58.32178481146445,0.14044544126473285
