task,metric,avg_spearman,avg_kendall_tau_a,max_std,max_std_step,min_std,min_std_step,mean_std,avg_snr,max_n_std
lighteval|mlmm_mmlu_zho_cf:_average|0,acc,0.829950738916256,0.9571428571428572,0.002220800022422918,13000.0,0.0015710297855314013,12000.0,0.0019142136936826624,166.6379664991941,0.5473528217484076
lighteval|mlmm_mmlu_zho_cf:_average|0,acc_norm,0.7383251231527093,0.9714285714285715,0.0019648568237051137,12000.0,0.0012459998381499553,14000.0,0.001618637139417216,138.75105424427255,11.796881505022426
lighteval|mlmm_mmlu_zho_cf:_average|0,acc_norm_token,0.8144827586206894,0.9857142857142858,0.0015343289247055699,14000.0,0.00044129750315338224,13000.0,0.0008898229036941143,140.77734068368252,23.459202027735728
lighteval|mlmm_mmlu_zho_cf:_average|0,acc_norm_pmi,0.938325123152709,0.9571428571428572,0.0025606329083313474,12500.0,0.0013081851824125448,14000.0,0.0017570072129448756,116.01103761186513,24.24749218602285
