task,metric,avg_spearman,avg_kendall_tau_a,max_std,max_std_step,min_std,min_std_step,mean_std,avg_snr,max_n_std
lighteval|mlmm_hellaswag_zho_cf|0,acc,0.9315901078426224,0.8857142857142859,0.006039223643997835,14000.0,0.002596293654566199,12000.0,0.004750998697300635,96.47737847313375,15.856315299799027
lighteval|mlmm_hellaswag_zho_cf|0,acc_norm,0.9536592862546256,0.9285714285714286,0.005894127648833284,13500.0,0.004653751970980782,12500.0,0.005374604161887696,54.20698315237999,17.861780534602648
lighteval|mlmm_hellaswag_zho_cf|0,acc_norm_token,0.9542184353451109,1.0,0.004605753245991681,14000.0,0.0018257418583505706,12000.0,0.003094690310536197,107.63851391676373,33.28281335593604
lighteval|mlmm_hellaswag_zho_cf|0,acc_norm_pmi,0.8991797942847107,0.9285714285714287,0.0092255683353987,12500.0,0.005116241386596797,14000.0,0.0070029127794812435,55.40237327613409,14.232173069282432
