task,metric,avg_spearman,avg_kendall_tau_a,max_std,max_std_step,min_std,min_std_step,mean_std,avg_snr,max_n_std
lighteval|ocnli_zho_cf|0,acc,0.8001439323027952,0.9285714285714286,0.009367002761862591,13500.0,0.00469041575982339,12000.0,0.007187294864688468,65.1013999609259,13.496037358445628
lighteval|ocnli_zho_cf|0,acc_norm,0.8001439323027952,0.9285714285714286,0.009367002761862591,13500.0,0.00469041575982339,12000.0,0.007187294864688468,65.1013999609259,13.496037358445628
lighteval|ocnli_zho_cf|0,acc_norm_token,0.8001439323027952,0.9285714285714286,0.009367002761862591,13500.0,0.00469041575982339,12000.0,0.007187294864688468,65.1013999609259,13.496037358445628
lighteval|ocnli_zho_cf|0,acc_norm_pmi,0.40877646566136533,0.8857142857142859,0.014300997116233512,12000.0,0.012186817407285527,14000.0,0.01336266528160189,47.79000905727102,2.2949513454392587
