task,metric,avg_spearman,avg_kendall_tau_a,max_std,max_std_step,min_std,min_std_step,mean_std,avg_snr,max_n_std
lighteval|pawsx_zho_cf|0,acc,-0.27226770336100803,0.5142857142857141,0.012895592126625919,14000.0,0.0021147629234082354,13000.0,0.007092781419844442,75.7762809889111,-4.182656268479414
lighteval|pawsx_zho_cf|0,acc_norm,-0.27226770336100803,0.5142857142857141,0.012895592126625919,14000.0,0.0021147629234082354,13000.0,0.007092781419844442,75.7762809889111,-4.182656268479414
lighteval|pawsx_zho_cf|0,acc_norm_token,-0.27226770336100803,0.5142857142857141,0.012895592126625919,14000.0,0.0021147629234082354,13000.0,0.007092781419844442,75.7762809889111,-4.182656268479414
lighteval|pawsx_zho_cf|0,acc_norm_pmi,0.5032802981843328,0.7857142857142857,0.01821883437341495,13000.0,0.01325253295146364,14000.0,0.015180028871128164,60.682537458777894,2.8546278601453645
