task,metric,avg_spearman,avg_kendall_tau_a,max_std,max_std_step,min_std,min_std_step,mean_std,avg_snr,max_n_std
lighteval|xcodah_zho_cf|0,acc,0.6718121644417346,0.9142857142857144,0.019659983610860056,12500.0,0.012025692343434752,14000.0,0.01614891813337199,24.956050866523178,6.545621020987137
lighteval|xcodah_zho_cf|0,acc_norm,0.8790625628825633,0.8,0.012081917789515883,14000.0,0.010226389381156352,13000.0,0.011267864525557971,27.004739532304846,12.458466545716826
lighteval|xcodah_zho_cf|0,acc_norm_token,0.7604907111814301,0.9142857142857145,0.008919368919524365,12500.0,0.005508309735853113,13500.0,0.007509016674539619,35.96484322156471,15.417706088273935
lighteval|xcodah_zho_cf|0,acc_norm_pmi,0.4349163577923398,0.8285714285714285,0.012980533308308678,13500.0,0.004283790193873806,13000.0,0.0076946742123083865,27.569109497622698,6.323557925580167
