task,metric,avg_spearman,avg_kendall_tau_a,max_std,max_std_step,min_std,min_std_step,mean_std,avg_snr,max_n_std
lighteval|xcopa_zho_cf|0,acc,0.8246716167699052,0.8714285714285716,0.011780398031381539,13500.0,0.008919392106839735,14000.0,0.010487550245147994,54.12821441788692,8.136631657408483
lighteval|xcopa_zho_cf|0,acc_norm,0.91909402443345,0.8857142857142859,0.007530186166603311,12500.0,0.005231669940886016,14000.0,0.006342315308798335,85.41171324452485,13.875059140929583
lighteval|xcopa_zho_cf|0,acc_norm_token,0.871029270117338,0.9142857142857144,0.005259911279353153,13500.0,0.002999999999999977,12000.0,0.004030450121343412,86.94550489596331,22.330012105447306
lighteval|xcopa_zho_cf|0,acc_norm_pmi,0.74052282189249,0.9285714285714287,0.02986636904613615,13000.0,0.021377558326431935,14000.0,0.02558323923833855,32.696332314673825,5.941389930490731
