task,metric,avg_spearman,avg_kendall_tau_a,max_std,max_std_step,min_std,min_std_step,mean_std,avg_snr,max_n_std
lighteval|xcsqa_zho_cf|0,acc,0.8618535154641425,0.9714285714285715,0.01101976339061714,14000.0,0.007690181330039558,12500.0,0.009205694821402419,48.689805527533466,12.999199841868794
lighteval|xcsqa_zho_cf|0,acc_norm,0.8556801993173295,0.942857142857143,0.004193248541803034,13500.0,0.0022173557826083256,14000.0,0.0034143466459396546,58.55440595488326,36.70785257916913
lighteval|xcsqa_zho_cf|0,acc_norm_token,0.8046154479237485,0.9142857142857144,0.008565650609870213,13500.0,0.004826623695327448,12000.0,0.006716592241699883,60.99451675974692,13.895935613580127
lighteval|xcsqa_zho_cf|0,acc_norm_pmi,0.8710914985685824,0.9714285714285715,0.020777480687121416,13000.0,0.017054107792335318,14000.0,0.01913986419045933,29.60192962105432,10.310069672892366
