task,metric,avg_spearman,avg_kendall_tau_a,max_std,max_std_step,min_std,min_std_step,mean_std,avg_snr,max_n_std
lighteval|xnli_zho_cf|0,acc,0.3390898971339043,0.7285714285714285,0.007743575592900404,13500.0,0.005127991448539687,12000.0,0.006373424990370168,68.0497902818324,3.2426311909048455
lighteval|xnli_zho_cf|0,acc_norm,0.3390898971339043,0.7285714285714285,0.007743575592900404,13500.0,0.005127991448539687,12000.0,0.006373424990370168,68.0497902818324,3.2426311909048455
lighteval|xnli_zho_cf|0,acc_norm_token,0.3390898971339043,0.7285714285714285,0.007743575592900404,13500.0,0.005127991448539687,12000.0,0.006373424990370168,68.0497902818324,3.2426311909048455
lighteval|xnli_zho_cf|0,acc_norm_pmi,0.7119154589631008,0.8571428571428573,0.026938029018608752,13000.0,0.02352618714287297,12000.0,0.025341010286506583,37.928108580820215,2.591319995700109
