task,metric,avg_spearman,avg_kendall_tau_a,max_std,max_std_step,min_std,min_std_step,mean_std,avg_snr,max_n_std
lighteval|xnli2.0_zho_cf|0,acc,0.06081253199636979,0.7571428571428571,0.006669443865981766,12000.0,0.0023412563895228358,13500.0,0.004063882619649944,56.08756783085883,2.8708178258533614
lighteval|xnli2.0_zho_cf|0,acc_norm,0.06081253199636979,0.7571428571428571,0.006669443865981766,12000.0,0.0023412563895228358,13500.0,0.004063882619649944,56.08756783085883,2.8708178258533614
lighteval|xnli2.0_zho_cf|0,acc_norm_token,0.06081253199636979,0.7571428571428571,0.006669443865981766,12000.0,0.0023412563895228358,13500.0,0.004063882619649944,56.08756783085883,2.8708178258533614
lighteval|xnli2.0_zho_cf|0,acc_norm_pmi,0.8330053544453481,0.8285714285714285,0.015770048967725055,14000.0,0.008279828232249483,13000.0,0.011153616139706009,54.835811969692244,7.292104400454756
