task,metric,avg_spearman,avg_kendall_tau_a,max_std,max_std_step,min_std,min_std_step,mean_std,avg_snr,max_n_std
lighteval|xquad_zho|0,prefix_match,0.8602492239944393,0.9285714285714287,0.0092431155561956,12000.0,0.004329057719728491,13000.0,0.006356020424667779,10.812905554170362,13.34692585380851
lighteval|xquad_zho|0,f1,0.9042364532019704,0.9142857142857145,0.011796729126935942,12000.0,0.007705844053968296,13500.0,0.008856635671084924,14.442843501348346,18.94035821611833
