task,metric,avg_spearman,avg_kendall_tau_a,max_std,max_std_step,min_std,min_std_step,mean_std,avg_snr,max_n_std
lighteval|xstory_cloze_zho_cf|0,acc,0.9108469236835444,0.8857142857142859,0.00398492529787311,12000.0,0.0034251250315107816,13500.0,0.0036590985832499444,129.24123206993457,13.755664732221616
lighteval|xstory_cloze_zho_cf|0,acc_norm,0.9076897190350112,0.9142857142857144,0.008445906306213339,14000.0,0.0052844986447084605,12000.0,0.00695879356961578,97.82528867369595,19.160409343870665
lighteval|xstory_cloze_zho_cf|0,acc_norm_token,0.937789322113224,0.9714285714285714,0.007257180352359042,13500.0,0.005782316593302875,14000.0,0.006729571474772028,103.56386236701994,18.67379923636576
lighteval|xstory_cloze_zho_cf|0,acc_norm_pmi,0.86877534977329,0.9857142857142858,0.009818255860800748,13500.0,0.003042903097250938,12000.0,0.00754753382108613,96.36253629418103,19.476560620280328
