task,metric,avg_spearman,avg_kendall_tau_a,max_std,max_std_step,min_std,min_std_step,mean_std,avg_snr,max_n_std
lighteval|xwinograd_zho_cf|0,acc,0.9539887916397835,0.9000000000000001,0.011058694162323189,14000.0,0.008016480523676204,13000.0,0.009396599581295123,60.3679853327409,20.27075739673198
lighteval|xwinograd_zho_cf|0,acc_norm,0.8923278367903353,0.8571428571428571,0.013697290598784318,14000.0,0.012807484597031562,12000.0,0.013197388499715672,66.59833706101945,15.735837258344013
lighteval|xwinograd_zho_cf|0,acc_norm_token,0.9420260247661922,0.9714285714285714,0.01107187104955662,12500.0,0.0058411116930655845,14000.0,0.0083092639826035,96.37647787488132,23.878492585552966
lighteval|xwinograd_zho_cf|0,acc_norm_pmi,0.7697559461373422,0.7285714285714285,0.009725820875358573,12000.0,0.005924759545356957,13500.0,0.007084844903210543,63.21525886040623,12.882404975721325
