task,metric,avg_spearman,avg_kendall_tau_a,max_std,max_std_step,min_std,min_std_step,mean_std,avg_snr,max_n_std
lighteval|belebele_tha_Thai_cf|0,acc_norm_token,0.7322450978685893,0.8428571428571431,0.006119522838387601,14000.0,0.003660238779031267,12500.0,0.0046833902567660676,55.86100295349793,15.183682589181243
lighteval|belebele_tha_Thai_cf|0,acc_norm,0.7528310198371176,0.7571428571428571,0.009481288564636559,13500.0,0.007700230713145249,12000.0,0.008699043309107913,42.47966763221678,8.04686188039895
lighteval|belebele_tha_Thai_cf|0,acc_norm_pmi,0.6961719967180899,0.5714285714285714,0.009152470618449557,13000.0,0.006360421466398626,13500.0,0.007386731055305423,58.901590371222866,9.376171779927217
lighteval|belebele_tha_Thai_cf|0,acc,,-1.0,0.0,12000.0,0.0,12000.0,0.0,,
