task,metric,avg_spearman,avg_kendall_tau_a,max_std,max_std_step,min_std,min_std_step,mean_std,avg_snr,max_n_std
lighteval|community_hellaswag_tha_cf|0,acc,0.8052006186773408,0.9142857142857144,0.0032773069341672442,13000.0,0.0025891511550513247,12000.0,0.002871247553225196,87.50285182026555,19.271529990919394
lighteval|community_hellaswag_tha_cf|0,acc_norm,0.8875126332968497,0.9285714285714286,0.002936046724827519,13000.0,0.001655518269527953,12500.0,0.0021553968312654735,64.48580611172527,30.930112589766317
lighteval|community_hellaswag_tha_cf|0,acc_norm_token,0.8220317592075294,0.8428571428571429,0.007500000000000019,12500.0,0.003191423692521121,14000.0,0.004803583984879958,56.341127363611655,13.600955773643246
lighteval|community_hellaswag_tha_cf|0,acc_norm_pmi,0.6615274098174959,0.7714285714285715,0.013246942344612258,12000.0,0.006762505562399298,14000.0,0.009355325693326526,38.241201449165025,5.665222327621016
