task,metric,avg_spearman,avg_kendall_tau_a,max_std,max_std_step,min_std,min_std_step,mean_std,avg_snr,max_n_std
lighteval|m3exams_tha_cf|0,acc_norm,0.8219359193884358,0.8857142857142859,0.008288211172770907,14000.0,0.0044085354921090435,13000.0,0.00543582712564328,49.84481310880248,7.373180727350115
lighteval|m3exams_tha_cf|0,acc,0.7496600828891582,0.8142857142857143,0.007264194278687653,13000.0,0.0048638880956912885,14000.0,0.006054858130336163,42.09143307421086,2.875817857084394
lighteval|m3exams_tha_cf|0,acc_norm_token,0.8757496032273989,0.8571428571428574,0.009126173186886001,14000.0,0.005087202534756169,12000.0,0.0069645050777060406,56.96118979786956,5.132597660254793
lighteval|m3exams_tha_cf|0,acc_norm_pmi,0.3901309671236538,0.8285714285714286,0.01654287359157007,12000.0,0.014229273425660978,12500.0,0.015117861649251071,28.80103549054214,3.4448877101994073
