task,metric,avg_spearman,avg_kendall_tau_a,max_std,max_std_step,min_std,min_std_step,mean_std,avg_snr,max_n_std
lighteval|meta_mmlu_tha_cf:_average|0,acc,0.6708374384236452,0.8428571428571431,0.0012060185643202716,12000.0,0.0005876205051193747,14000.0,0.0008647039080594179,181.08730270035758,-12.424788223109418
lighteval|meta_mmlu_tha_cf:_average|0,acc_norm,0.09980295566502459,0.742857142857143,0.0023339411799481657,12500.0,0.0014020229738885886,13500.0,0.0018936114869957798,150.33932303622575,2.9811849326545254
lighteval|meta_mmlu_tha_cf:_average|0,acc_norm_token,-0.08305418719211821,0.7571428571428571,0.0020490433715972967,13000.0,0.0015920810204456133,13500.0,0.001818002831532168,189.1794476868915,-1.5066610930549793
lighteval|meta_mmlu_tha_cf:_average|0,acc_norm_pmi,0.664630541871921,0.9000000000000001,0.004135602750360464,14000.0,0.0033705682636157633,12500.0,0.0037134700808573056,98.60657809105928,6.764231061440958
