task,metric,avg_spearman,avg_kendall_tau_a,max_std,max_std_step,min_std,min_std_step,mean_std,avg_snr,max_n_std
lighteval|mkqa_tha:_average|0,prefix_match,0.8384610053345037,0.7857142857142858,0.003025051648438794,14000.0,0.002556127938893063,12500.0,0.0027531760666010944,5.02844914684696,4.72783337684228
lighteval|mkqa_tha:_average|0,f1,0.9632512315270934,0.9714285714285715,0.007866202344891176,13000.0,0.006628011532378324,12000.0,0.007223202143019547,5.554301100949283,4.6069986008664605
