task,metric,avg_spearman,avg_kendall_tau_a,max_std,max_std_step,min_std,min_std_step,mean_std,avg_snr,max_n_std
lighteval|thai_exams_tha_cf:tgat|0,acc,0.43337735144928713,0.6142857142857142,0.057195715431762446,13500.0,0.04008714107482732,12000.0,0.04824031313847214,5.558085533927964,0.8794354694911708
lighteval|thai_exams_tha_cf:tgat|0,acc_norm,0.5081758762094652,0.7714285714285715,0.06428243464951315,14000.0,0.036067820342569216,12000.0,0.051896273470340204,8.97977235708907,3.7370581925149926
lighteval|thai_exams_tha_cf:tgat|0,acc_norm_token,0.5587715279500423,0.642857142857143,0.06705009111736959,14000.0,0.04850851693715552,12000.0,0.05868170000706603,6.3728304261822695,3.3049382330433597
lighteval|thai_exams_tha_cf:tgat|0,acc_norm_pmi,0.46729143230765413,0.8142857142857143,0.045454545450000015,12500.0,0.03123564866569246,14000.0,0.039105985423324476,7.1302043615146795,3.118952141119521
