task,metric,avg_spearman,avg_kendall_tau_a,max_std,max_std_step,min_std,min_std_step,mean_std,avg_snr,max_n_std
lighteval|thaiqa_tha|0,prefix_match,0.9475053644030528,0.9142857142857144,0.018939474747302353,13000.0,0.01738746888060692,12000.0,0.018255767132486136,3.0220996696427833,2.3919381940932976
lighteval|thaiqa_tha|0,f1,0.9859113300492608,0.9,0.017566323650169424,13000.0,0.01531152525670028,14000.0,0.016194852728284588,12.491910608847874,8.762473100614065
