task,metric,avg_spearman,avg_kendall_tau_a,max_std,max_std_step,min_std,min_std_step,mean_std,avg_snr,max_n_std
lighteval|thai_exams_tha_cf:_average|0,acc,-0.026502463054187197,0.7285714285714286,0.020771567731820505,13000.0,0.0159839603426035,12000.0,0.018613167594010473,15.468328354876189,-1.1975359587463592
lighteval|thai_exams_tha_cf:_average|0,acc_norm,-0.0482758620689655,0.6,0.019823952238891867,13500.0,0.010811752476588311,12500.0,0.015579354889459033,25.86463966503738,1.6761720977506673
lighteval|thai_exams_tha_cf:_average|0,acc_norm_token,0.011133004926108364,0.6857142857142857,0.018393310506201608,14000.0,0.012052469418489552,12500.0,0.016100868512235734,19.13796539841707,0.7524228205946514
lighteval|thai_exams_tha_cf:_average|0,acc_norm_pmi,0.420591133004926,0.6571428571428571,0.011719870752370366,12000.0,0.007868176456452608,13500.0,0.00966281577347578,24.33445575905056,1.2609452722996428
