task,metric,avg_spearman,avg_kendall_tau_a,max_std,max_std_step,min_std,min_std_step,mean_std,avg_snr,max_n_std
lighteval|wsci_tha_cf|0,acc,0.3761373061130427,0.8428571428571429,0.2614104861028573,14000.0,0.25809025753928616,13500.0,0.2598512026836925,1.9260951508074924,0.20029456510419902
lighteval|wsci_tha_cf|0,acc_norm,0.44371669501217825,0.7857142857142858,0.2554609716054132,14000.0,0.254308204378225,13000.0,0.2548641473576057,1.9397203765211652,0.09866510881991632
lighteval|wsci_tha_cf|0,acc_norm_token,0.3479191348723367,0.6428571428571429,0.263315525674238,12000.0,0.2609043644708292,13500.0,0.2620482200344555,1.9005684465660675,0.09596019693128868
lighteval|wsci_tha_cf|0,acc_norm_pmi,0.24246290643838578,0.8142857142857143,0.25063716211412873,14000.0,0.24860588454500773,13500.0,0.24969278900726674,2.0079086389144556,0.11944502489870473
