task,metric,avg_spearman,avg_kendall_tau_a,max_std,max_std_step,min_std,min_std_step,mean_std,avg_snr,max_n_std
lighteval|xcopa_tha_cf|0,acc,0.755380511504539,0.7000000000000001,0.012909944487358034,13000.0,0.009065604512948005,14000.0,0.010652875768530964,70.72245610030939,8.385842027485914
lighteval|xcopa_tha_cf|0,acc_norm,0.5485302663395532,0.7285714285714285,0.012177696674506935,13500.0,0.010741060020797322,12000.0,0.011285739500581256,58.80028707914829,3.898725466570789
lighteval|xcopa_tha_cf|0,acc_norm_token,0.5915683926880778,0.7285714285714285,0.01697929021768273,13000.0,0.01403171011989947,14000.0,0.015181956530442662,51.85848412788089,2.1516769990194584
lighteval|xcopa_tha_cf|0,acc_norm_pmi,0.798298311079541,0.7857142857142857,0.018414969755910778,13500.0,0.011068808360366384,12500.0,0.015237036793021982,49.085137127364256,6.869227139662756
