task,metric,avg_spearman,avg_kendall_tau_a,max_std,max_std_step,min_std,min_std_step,mean_std,avg_snr,max_n_std
lighteval|xnli2.0_tha_cf|0,acc,0.7858140851447757,0.8,0.028989781085882755,12000.0,0.014589443164557427,13500.0,0.020823119756709127,40.22797168995204,3.1375381833590623
lighteval|xnli2.0_tha_cf|0,acc_norm,0.7858140851447757,0.8,0.028989781085882755,12000.0,0.014589443164557427,13500.0,0.020823119756709127,40.22797168995204,3.1375381833590623
lighteval|xnli2.0_tha_cf|0,acc_norm_token,0.48453293642910766,0.557142857142857,0.0028202311436660217,12500.0,0.001586984095231777,14000.0,0.0020693495804689176,318.00561554873923,7.248654428219417
lighteval|xnli2.0_tha_cf|0,acc_norm_pmi,0.2947595666463478,0.942857142857143,0.018960729396815385,14000.0,0.01636702873552888,12500.0,0.017746466547693195,43.41630498172015,2.404234474057194
