task,metric,avg_spearman,avg_kendall_tau_a,max_std,max_std_step,min_std,min_std_step,mean_std,avg_snr,max_n_std
lighteval|xnli_tha_cf|0,acc,0.8568980980118246,0.8714285714285716,0.021147410313392078,12500.0,0.019906029237394342,12000.0,0.02052479954804301,42.152485018155495,2.8745713136879605
lighteval|xnli_tha_cf|0,acc_norm,0.8568980980118246,0.8714285714285716,0.021147410313392078,12500.0,0.019906029237394342,12000.0,0.02052479954804301,42.152485018155495,2.8745713136879605
lighteval|xnli_tha_cf|0,acc_norm_token,0.07051112243379545,0.5714285714285714,0.00166388657020801,14000.0,0.0006871842709362628,12000.0,0.0011355178529571907,381.10991199246854,7.632347341872613
lighteval|xnli_tha_cf|0,acc_norm_pmi,0.0832805049345682,0.5142857142857143,0.013469787867118907,12500.0,0.005712235081789779,13500.0,0.009560584643696683,55.65979582946311,1.5166436510302697
