task,metric,avg_spearman,avg_kendall_tau_a,max_std,max_std_step,min_std,min_std_step,mean_std,avg_snr,max_n_std
lighteval|xquad_tha|0,prefix_match,0.9629700236033489,0.9142857142857144,0.007606040484499926,13500.0,0.0067843774790158715,12000.0,0.007306036153939294,5.319677154293979,4.060569376004373
lighteval|xquad_tha|0,f1,0.9525123152709357,0.8714285714285717,0.012268093408522066,12000.0,0.006939162195614102,13500.0,0.008874668214531011,16.9359945541359,13.592441837523728
