task,metric,avg_spearman,avg_kendall_tau_a,max_std,max_std_step,min_std,min_std_step,mean_std,avg_snr,max_n_std
lighteval|afric_mmlu_swa_cf:_average|0,acc,0.712261379807414,0.0,0.01183059436220188,12500.0,0.00808061237136744,14000.0,0.010174701900215032,30.08663267351954,20.98341573972677
lighteval|afric_mmlu_swa_cf:_average|0,acc_norm,-0.6319942570875831,0.0,0.010574252447091207,12000.0,0.0074037027773145355,13500.0,0.008883002793625375,28.015593781396603,25.666996318364045
lighteval|afric_mmlu_swa_cf:_average|0,acc_norm_token,-0.07587141331105561,0.0,0.012919981653467095,12000.0,0.003415650255319869,13500.0,0.007159676206343996,25.32449596202701,31.37944513015765
lighteval|afric_mmlu_swa_cf:_average|0,acc_norm_pmi,0.05001231982278152,0.0,0.017164778752714223,12000.0,0.00971444133084197,13000.0,0.013350641583958128,19.21652572058934,17.814374825185126
