task,metric,avg_spearman,avg_kendall_tau_a,max_std,max_std_step,min_std,min_std_step,mean_std,avg_snr,max_n_std
lighteval|afric_xnli_swa_cf|0,acc,0.7629958349317949,0.0,0.011956359196741168,13500.0,0.004186525007344548,12500.0,0.008447849229686806,44.843437794555996,3.8138692315646954
lighteval|afric_xnli_swa_cf|0,acc_norm,0.19507389162561573,0.0,0.014872794723205499,14000.0,0.008539602117702352,13000.0,0.011136007708516872,47.06592229035132,2.1536046642033795
lighteval|afric_xnli_swa_cf|0,acc_norm_token,0.7629958349317949,0.0,0.011956359196741168,13500.0,0.004186525007344548,12500.0,0.008447849229686806,44.843437794555996,3.8138692315646954
