task,metric,avg_spearman,avg_kendall_tau_a,max_std,max_std_step,min_std,min_std_step,mean_std,avg_snr,max_n_std
lighteval|belebele_swh_Latn_cf|0,acc_norm_token,0.4552284798663337,0.0,0.004800548663772823,13000.0,0.002148999400407977,14000.0,0.0035239761096453616,61.895794149492716,6.568758542840839
lighteval|belebele_swh_Latn_cf|0,acc_norm,0.43749230532608685,0.0,0.005051178405476393,12000.0,0.0020951311982778708,13500.0,0.003415251394924554,68.05550944578988,6.181422295307504
lighteval|belebele_swh_Latn_cf|0,acc_norm_pmi,0.7069836240348364,0.0,0.007446655286141385,12500.0,0.0044341444408955485,13500.0,0.006169495978341322,51.03551791781009,4.6225037831481375
lighteval|belebele_swh_Latn_cf|0,acc,,0.0,0.0,12000.0,0.0,12000.0,0.0,,
