task,metric,avg_spearman,avg_kendall_tau_a,max_std,max_std_step,min_std,min_std_step,mean_std,avg_snr,max_n_std
lighteval|community_mmlu_swa_cf|0,acc,0.2306555233315468,0.0,0.019366255959473853,12000.0,0.01671208980108689,12500.0,0.018322088126683105,20.760198195567547,-2.389755491964581
lighteval|community_mmlu_swa_cf|0,acc_norm,0.096821880248045,0.0,0.024245561576775123,12500.0,0.018879413984504666,14000.0,0.022324613337712632,12.559034699716126,-1.9613020874901694
lighteval|community_mmlu_swa_cf|0,acc_norm_token,-0.0428677027052413,0.0,0.015299507380763418,13500.0,0.008744903774695575,12000.0,0.012063964078709284,14.90574214162408,-3.219655468405732
lighteval|community_mmlu_swa_cf|0,acc_norm_pmi,0.5691057083282035,0.0,0.02488175189278351,14000.0,0.009920577925380203,12000.0,0.01619701197901472,13.164704931042902,0.7412262041843386
