task,metric,avg_spearman,avg_kendall_tau_a,max_std,max_std_step,min_std,min_std_step,mean_std,avg_snr,max_n_std
lighteval|community_arc_swa_cf:easy|0,acc,0.9543047245682773,0.0,0.0046388057211440206,12000.0,0.0021495046802392226,13500.0,0.002904396408527669,44.815432651680865,19.569871465587333
lighteval|community_arc_swa_cf:easy|0,acc_norm,0.9668678482009521,0.0,0.008658115439456935,12500.0,0.0063091644102492355,13500.0,0.007601668366917667,65.97597938706208,10.064281598973265
lighteval|community_arc_swa_cf:easy|0,acc_norm_token,0.9629264760808974,0.0,0.01161895003862227,13500.0,0.008554834024408998,12000.0,0.010098562414340238,59.24832859939808,7.014727591266566
lighteval|community_arc_swa_cf:easy|0,acc_norm_pmi,0.9497536945812804,0.0,0.015933600648617686,12000.0,0.012087259898415841,13000.0,0.013751979402348579,29.006386966256223,4.61184502083402
