task,metric,avg_spearman,avg_kendall_tau_a,max_std,max_std_step,min_std,min_std_step,mean_std,avg_snr,max_n_std
lighteval|community_arc_swa_cf:challenge|0,acc,-0.9152500893676518,0.0,0.0063508529610858695,13000.0,0.0036767538017276023,14000.0,0.005100999487712989,25.68588882974318,-9.930686706010944
lighteval|community_arc_swa_cf:challenge|0,acc_norm,-0.05740330304782312,0.0,0.007654579844288814,12000.0,0.002043508239749959,14000.0,0.004353931452484323,36.83258402635621,-5.6821659696128215
lighteval|community_arc_swa_cf:challenge|0,acc_norm_token,-0.9232475682938398,0.0,0.005109903238918639,12000.0,0.0028333333333333327,14000.0,0.0036611709953047827,51.67233702060917,-8.896906074160311
lighteval|community_arc_swa_cf:challenge|0,acc_norm_pmi,-0.715270935960591,0.0,0.011425685812952165,12500.0,0.00859586463881843,13500.0,0.010010903165566193,27.696859114541986,-2.7459821235598367
