task,metric,avg_spearman,avg_kendall_tau_a,max_std,max_std_step,min_std,min_std_step,mean_std,avg_snr,max_n_std
lighteval|kenswquad_swa|0,prefix_match,-0.16239958858823,0.0,0.0,12000.0,0.0,12000.0,0.0,0.0,
lighteval|kenswquad_swa|0,f1,0.9635467980295563,0.0,0.003942810488399548,12500.0,0.0033948210519744453,13000.0,0.0037712042248511596,10.736573978218669,10.778745411205529
