task,metric,avg_spearman,avg_kendall_tau_a,max_std,max_std_step,min_std,min_std_step,mean_std,avg_snr,max_n_std
lighteval|m3exams_swa_cf|0,acc_norm,0.5541871921182264,0.0,0.031219098986594553,14000.0,0.026472794627288732,12500.0,0.028900502376169597,16.34362817263241,1.7219703419193364
lighteval|m3exams_swa_cf|0,acc,0.6142857142857141,0.0,0.021091734717990716,13500.0,0.012984621347339433,12000.0,0.018108270491204927,25.758884914965368,3.416435044880798
lighteval|m3exams_swa_cf|0,acc_norm_token,0.9374384236453199,0.0,0.011355116600925122,14000.0,0.005217261956752155,12500.0,0.008274495231546015,33.68816543504355,5.047346758278337
lighteval|m3exams_swa_cf|0,acc_norm_pmi,-0.39945790953038174,0.0,0.024537445184502606,13000.0,0.019514702034504516,12000.0,0.022326225726717424,19.026246661791934,0.4020993756350379
