task,metric,avg_spearman,avg_kendall_tau_a,max_std,max_std_step,min_std,min_std_step,mean_std,avg_snr,max_n_std
lighteval|openai_mmlu_swa_cf:_average|0,acc,0.7039408866995073,0.0,0.001636399145031095,12000.0,0.00016332191907464204,14000.0,0.0009074326884742489,183.4929824102165,252.61182990379464
lighteval|openai_mmlu_swa_cf:_average|0,acc_norm,0.7778325123152708,0.0,0.001850850506432861,14000.0,0.001207519512932329,12500.0,0.001545757673212183,152.1320893608958,163.062634202906
lighteval|openai_mmlu_swa_cf:_average|0,acc_norm_token,0.8241379310344826,0.0,0.0027104942465836952,12000.0,0.0016257009386452977,12500.0,0.002053821391785495,119.20138824505835,124.12410139603735
lighteval|openai_mmlu_swa_cf:_average|0,acc_norm_pmi,0.8428571428571426,0.0,0.002996605583955952,13000.0,0.0017487315313460651,12000.0,0.0023537008186597956,89.60161780189972,110.45255035770818
