task,metric,avg_spearman,avg_kendall_tau_a,max_std,max_std_step,min_std,min_std_step,mean_std,avg_snr,max_n_std
lighteval|tydiqa_swa|0,prefix_match,0.9507389162561575,0.0,0.02557383183287986,13500.0,0.02106327992807886,14000.0,0.02329255057240718,3.261202858436803,3.047123743677892
lighteval|tydiqa_swa|0,f1,0.8591133004926107,0.0,0.011908850771184936,12500.0,0.006014357491651031,14000.0,0.008829655919038927,10.65315195075987,9.899845978503446
