task,metric,avg_spearman,avg_kendall_tau_a,max_std,max_std_step,min_std,min_std_step,mean_std,avg_snr,max_n_std
lighteval|xcodah_swa_cf|0,acc,0.909717952460157,0.0,0.007664519280719865,12000.0,0.003993307142734441,13500.0,0.005226484688913607,44.59608691327918,11.639435867675912
lighteval|xcodah_swa_cf|0,acc_norm,0.8423645320197042,0.0,0.02087341822064589,12000.0,0.01598610507384772,13500.0,0.01788287191596133,22.905069905823318,1.9416468667993267
lighteval|xcodah_swa_cf|0,acc_norm_token,-0.03694581280788176,0.0,0.018929694489261854,13500.0,0.01543271605050367,12000.0,0.016640631963583334,22.922213587170855,2.804380673590175
lighteval|xcodah_swa_cf|0,acc_norm_pmi,0.6736479454804799,0.0,0.034456389823346756,13500.0,0.026641577708428565,12000.0,0.03141989680095396,16.118832172713446,1.4233726644080562
