task,metric,avg_spearman,avg_kendall_tau_a,max_std,max_std_step,min_std,min_std_step,mean_std,avg_snr,max_n_std
lighteval|xcopa_swa_cf|0,acc,0.9699507389162559,0.0,0.016991283168251423,12000.0,0.010390522747338643,13000.0,0.012503477649097256,56.45831343473253,5.625101696279786
lighteval|xcopa_swa_cf|0,acc_norm,0.954624646791732,0.0,0.007803133273813084,14000.0,0.004013864859597401,12500.0,0.006106017684715149,68.86491759815718,7.915688396108556
lighteval|xcopa_swa_cf|0,acc_norm_token,0.8836296210206205,0.0,0.014302291968616666,12000.0,0.007146612769282663,14000.0,0.010294514320264046,66.21734874358664,3.9988935258104332
lighteval|xcopa_swa_cf|0,acc_norm_pmi,0.8881773399014776,0.0,0.027295366585503876,12000.0,0.015089854330102214,14000.0,0.02182651941632045,26.8718763306263,1.2370272824998008
