task,metric,avg_spearman,avg_kendall_tau_a,max_std,max_std_step,min_std,min_std_step,mean_std,avg_snr,max_n_std
lighteval|xcsqa_swa_cf|0,acc,0.8977580957350535,0.0,0.009639329160614177,12000.0,0.0067795990267096925,13500.0,0.008071198706304272,28.58443801185502,1.0531273370039544
lighteval|xcsqa_swa_cf|0,acc_norm,0.8856861564674856,0.0,0.010908287708927586,13000.0,0.005981452814975454,14000.0,0.009217340467728123,35.56039106363818,3.5802084251460657
lighteval|xcsqa_swa_cf|0,acc_norm_token,0.9285714285714284,0.0,0.007083496730141541,12000.0,0.0057373048260195,13000.0,0.006317164625980187,40.526863654988475,6.463870383462981
lighteval|xcsqa_swa_cf|0,acc_norm_pmi,0.9070082591276193,0.0,0.01929977931172999,12000.0,0.012532919614921095,14000.0,0.014767844676860925,18.745893405558203,2.652158627320558
