task,metric,avg_spearman,avg_kendall_tau_a,max_std,max_std_step,min_std,min_std_step,mean_std,avg_snr,max_n_std
lighteval|afric_xnli_swa_cf|0,acc,0.7629958349317949,0.0,0.011956359196741168,13500.0,0.004186525007344548,12500.0,0.008447849229686806,44.843437794555996,3.8138692315646954
lighteval|afric_xnli_swa_cf|0,acc_norm,0.19507389162561573,0.0,0.014872794723205499,14000.0,0.008539602117702352,13000.0,0.011136007708516872,47.06592229035132,2.1536046642033795
lighteval|afric_xnli_swa_cf|0,acc_norm_token,0.7629958349317949,0.0,0.011956359196741168,13500.0,0.004186525007344548,12500.0,0.008447849229686806,44.843437794555996,3.8138692315646954
lighteval|xnli_swa_cf|0,acc,0.862421487019499,0.0,0.0162788205960997,12000.0,0.0061161595308991115,13500.0,0.011355416610241805,67.7453115832263,4.762778433382525
lighteval|xnli_swa_cf|0,acc_norm,0.8901477832512312,0.0,0.021887549310391392,13500.0,0.020185253142936847,13000.0,0.021338503909764547,44.22248148116646,2.4954889164292675
lighteval|xnli_swa_cf|0,acc_norm_token,0.862421487019499,0.0,0.0162788205960997,12000.0,0.0061161595308991115,13500.0,0.011355416610241805,67.7453115832263,4.762778433382525
lighteval|xnli_swa_cf|0,acc_norm_pmi,0.8573540541048261,0.0,0.01591266674580236,13500.0,0.00878340185509854,12000.0,0.012607100512365712,48.41017144826671,1.229465885894766
