task,metric,avg_spearman,avg_kendall_tau_a,max_std,max_std_step,min_std,min_std_step,mean_std,avg_snr,max_n_std
lighteval|xnli2.0_swa_cf|0,acc,0.5157635467980294,0.0,0.015821633103889007,12000.0,0.010266810965796886,14000.0,0.012957393939841138,49.05488219586694,4.2189553640550175
lighteval|xnli2.0_swa_cf|0,acc_norm,0.1763546798029556,0.0,0.025542085822190544,13500.0,0.017241208172841603,12000.0,0.021532900848905447,36.46850463410492,2.043384693439325
lighteval|xnli2.0_swa_cf|0,acc_norm_token,0.5157635467980294,0.0,0.015821633103889007,12000.0,0.010266810965796886,14000.0,0.012957393939841138,49.05488219586694,4.2189553640550175
lighteval|xnli2.0_swa_cf|0,acc_norm_pmi,0.5904387114341733,0.0,0.01775032602726137,14000.0,0.009414331077120159,12500.0,0.013198180273463072,45.55896665347487,0.7197961994125238
