task,metric,avg_spearman,avg_kendall_tau_a,max_std,max_std_step,min_std,min_std_step,mean_std,avg_snr,max_n_std
lighteval|xstory_cloze_swa_cf|0,acc,0.8238482634846375,0.0,0.0041365578819969944,14000.0,0.0027403027678085928,12000.0,0.003314288149960219,106.30008523493521,7.140799349914941
lighteval|xstory_cloze_swa_cf|0,acc_norm,0.9504804427403503,0.0,0.0071614968433307905,14000.0,0.003774917217635312,12000.0,0.005381834254922807,131.2417513397634,14.756431154308334
lighteval|xstory_cloze_swa_cf|0,acc_norm_token,0.904409980637591,0.0,0.0029107081994287787,14000.0,0.0007876359377088079,12500.0,0.0020229966560593783,126.48896332096132,41.646139032237265
lighteval|xstory_cloze_swa_cf|0,acc_norm_pmi,0.9706824635554638,0.0,0.007822095958576861,12500.0,0.002516611478423611,13500.0,0.005200372682258319,71.16961418127084,15.944370092848624
