task,metric,avg_spearman,avg_kendall_tau_a,max_std,max_std_step,min_std,min_std_step,mean_std,avg_snr,max_n_std
lighteval|belebele_tur_Latn_cf|0,acc_norm_token,0.47774501397176505,0.6857142857142857,0.008385979103180233,13000.0,0.007114582488639391,12000.0,0.007699757204548329,47.492001409648694,5.724086214125254
lighteval|belebele_tur_Latn_cf|0,acc_norm,0.6630515048124503,0.4428571428571429,0.007081568018625783,13500.0,0.004650569936064181,12500.0,0.005758859244526718,54.29688963176862,8.360709315667659
lighteval|belebele_tur_Latn_cf|0,acc_norm_pmi,0.33851195484022145,0.8714285714285717,0.011887965821354138,13000.0,0.008426773789521773,14000.0,0.009822267687460477,35.5339378467259,4.864230876914689
lighteval|belebele_tur_Latn_cf|0,acc,,-1.0,0.0,12000.0,0.0,12000.0,0.0,,
