task,metric,avg_spearman,avg_kendall_tau_a,max_std,max_std_step,min_std,min_std_step,mean_std,avg_snr,max_n_std
lighteval|community_hellaswag_tur_cf|0,acc,0.9296054560166779,0.8571428571428571,0.005594309277855186,13000.0,0.005203275321763592,12000.0,0.005508477306074919,94.65337889085107,15.29709357981828
lighteval|community_hellaswag_tur_cf|0,acc_norm,0.989702748958228,0.9857142857142858,0.007539402668155672,13500.0,0.005506729889333059,14000.0,0.006605875166532898,57.430211745353986,20.274430885180283
lighteval|community_hellaswag_tur_cf|0,acc_norm_token,0.9780277150862311,0.9714285714285714,0.012089174833219501,12500.0,0.009914448864979664,14000.0,0.010660707367004859,41.15380022225496,12.062710450591442
lighteval|community_hellaswag_tur_cf|0,acc_norm_pmi,0.8630613338738558,0.9000000000000001,0.010692243640792774,13500.0,0.006582805886043832,12000.0,0.009156085782420265,47.361343904531246,14.008572645704163
