task,metric,avg_spearman,avg_kendall_tau_a,max_std,max_std_step,min_std,min_std_step,mean_std,avg_snr,max_n_std
lighteval|community_truthfulqa_tur_cf:mc2|0,acc,-0.8622660098522165,0.9000000000000001,0.003858283171141834,13000.0,0.002538724716869529,13500.0,0.003328572590973715,140.19792095230304,-2.7044485548383053
lighteval|community_truthfulqa_tur_cf:mc2|0,acc_norm,-0.7698522167487682,0.8,0.0033069190606627,14000.0,0.002271079397772174,12000.0,0.002754311108976888,173.34072391336193,-3.228342265943088
lighteval|community_truthfulqa_tur_cf:mc2|0,acc_norm_token,-0.6628571428571427,0.9142857142857145,0.004316459068779422,12000.0,0.00302794081592694,14000.0,0.0035429981156934348,96.86398016308324,-8.637083613203517
lighteval|community_truthfulqa_tur_cf:mc2|0,acc_norm_pmi,0.6392118226600983,0.9428571428571428,0.004288710210755245,12000.0,0.0020384708453135315,13500.0,0.002996436873570666,107.3938124816757,3.9115521293683986
