task,metric,avg_spearman,avg_kendall_tau_a,max_std,max_std_step,min_std,min_std_step,mean_std,avg_snr,max_n_std
lighteval|community_arc_tur_cf:easy|0,acc,0.978348168371717,0.8714285714285713,0.005117146195408662,12000.0,0.0038236592905710473,13500.0,0.004428800230489022,58.54538469299597,37.2949605394812
lighteval|community_arc_tur_cf:easy|0,acc_norm,0.9696218128769724,0.9285714285714286,0.008176298175326798,14000.0,0.006082001376252754,13000.0,0.007121500644950464,58.25660426603729,21.227538600382296
lighteval|community_arc_tur_cf:easy|0,acc_norm_token,0.9729720514490026,0.9,0.008230476337414538,14000.0,0.007171832763330796,12500.0,0.007623666684419633,56.758144793751555,17.68684310078345
lighteval|community_arc_tur_cf:easy|0,acc_norm_pmi,0.7381363036657611,0.8428571428571429,0.010521142734724404,12000.0,0.00474048755110928,13500.0,0.006853839024244447,43.11463683594734,18.360308150638577
