task,metric,avg_spearman,avg_kendall_tau_a,max_std,max_std_step,min_std,min_std_step,mean_std,avg_snr,max_n_std
lighteval|community_xwinograd_tur_cf|0,acc,-0.4418511454327928,0.6714285714285715,0.0066909280760234155,14000.0,0.0030852096393144046,12500.0,0.004764298022407886,109.41960259212985,-2.098945102293589
lighteval|community_xwinograd_tur_cf|0,acc_norm,-0.6665589298399508,0.8142857142857143,0.00944526140257449,12500.0,0.008128596070298609,14000.0,0.008675472356484961,76.86662210194281,-0.6147599939439219
lighteval|community_xwinograd_tur_cf|0,acc_norm_token,-0.542494780208851,0.6285714285714287,0.010867467591479224,12000.0,0.006935549859373184,14000.0,0.009087930756368375,80.34192534403515,-0.9903244469257544
lighteval|community_xwinograd_tur_cf|0,acc_norm_pmi,-0.12810959378058198,0.7571428571428572,0.01004803279069904,12000.0,0.004906533814626599,13500.0,0.007400341742189372,65.92859987318813,0.6756444734835675
