task,metric,avg_spearman,avg_kendall_tau_a,max_std,max_std_step,min_std,min_std_step,mean_std,avg_snr,max_n_std
lighteval|community_mmlu_tur_cf:_average|0,acc,0.9237438423645317,0.8285714285714286,0.0012090206582087012,14000.0,0.0004589810781109917,12500.0,0.0007049119012939199,191.8685509464885,1.0731389250365717
lighteval|community_mmlu_tur_cf:_average|0,acc_norm,0.9184236453201968,0.8714285714285717,0.002282818325242786,14000.0,0.0015408228530850979,12000.0,0.001871904943787329,127.68824615093224,10.173901206828797
lighteval|community_mmlu_tur_cf:_average|0,acc_norm_token,0.9202955665024628,0.8428571428571431,0.0022391494397649833,13500.0,0.001028176874830521,12000.0,0.001784318994159722,150.0335829930497,8.896311619142617
lighteval|community_mmlu_tur_cf:_average|0,acc_norm_pmi,0.8919211822660096,0.7857142857142857,0.0038789874567500314,12000.0,0.002327960985401476,14000.0,0.0030800970261570734,99.9810318877305,11.593647818042989
