task,metric,avg_spearman,avg_kendall_tau_a,max_std,max_std_step,min_std,min_std_step,mean_std,avg_snr,max_n_std
lighteval|community_truthfulqa_tur_cf:mc1|0,acc,-0.49186183853355087,0.7714285714285715,0.005447176647159906,13000.0,0.0037300661504531285,12000.0,0.00471178125538471,60.46782119453786,6.835157106779523
lighteval|community_truthfulqa_tur_cf:mc1|0,acc_norm,-0.8366471792350527,0.9285714285714287,0.007082397156067759,13500.0,0.00542676560231019,12000.0,0.006335451070307517,56.40183157483038,9.462553258067656
lighteval|community_truthfulqa_tur_cf:mc1|0,acc_norm_token,-0.4779933963073071,0.8571428571428573,0.007452690743050776,12000.0,0.0030622413473901855,13500.0,0.0045209185009175415,40.05234216986106,7.304214521886371
lighteval|community_truthfulqa_tur_cf:mc1|0,acc_norm_pmi,0.718855794883195,0.8714285714285716,0.011036041472040339,13500.0,0.006918923751480309,12000.0,0.009790044671203797,46.03338388280248,12.874815042544778
