task,metric,avg_spearman,avg_kendall_tau_a,max_std,max_std_step,min_std,min_std_step,mean_std,avg_snr,max_n_std
lighteval|exams_tur_cf:_average|0,acc,0.7125123152709358,0.5571428571428572,0.014649297172980807,12500.0,0.012719092413084556,13000.0,0.013390007524426945,26.494829876954448,3.434448774538793
lighteval|exams_tur_cf:_average|0,acc_norm,0.8979310344827584,0.8428571428571429,0.00953766917854866,12500.0,0.0071269640858675825,14000.0,0.008317309892165376,36.78432739969063,5.356678326402258
lighteval|exams_tur_cf:_average|0,acc_norm_token,0.8141871921182264,0.8857142857142859,0.009038705701517694,13000.0,0.007322966091557908,12000.0,0.008198889627414815,34.45483487148219,3.9639937735789452
lighteval|exams_tur_cf:_average|0,acc_norm_pmi,0.6220689655172412,0.7571428571428571,0.011222231703666328,14000.0,0.007921125598955962,13000.0,0.009937170924390762,21.053019586649487,5.572706472967149
