task,metric,avg_spearman,avg_kendall_tau_a,max_std,max_std_step,min_std,min_std_step,mean_std,avg_snr,max_n_std
lighteval|mkqa_tur:_average|0,prefix_match,0.43027616834653076,0.9000000000000001,0.0025437450360130754,13500.0,0.0017563299902122811,12000.0,0.002188190318060184,8.066479745033295,7.03334890006737
lighteval|mkqa_tur:_average|0,f1,0.8703448275862067,0.8428571428571429,0.0027755363358239775,13000.0,0.0022337051479593903,13500.0,0.0025255756283243253,9.374904649576896,7.404369845541832
