task,metric,avg_spearman,avg_kendall_tau_a,max_std,max_std_step,min_std,min_std_step,mean_std,avg_snr,max_n_std
lighteval|tquadv2_tur|0,prefix_match,0.9131261149121743,0.8428571428571429,0.006994706993572065,14000.0,0.0044085354921090504,12000.0,0.005779955018663101,11.77994045032624,12.51451492265488
lighteval|tquadv2_tur|0,f1,0.982167487684729,0.885714285714286,0.0022401274111754285,12000.0,0.0010035460243665365,12500.0,0.0016382202154727112,30.887845933542714,58.6669152447254
