task,metric,avg_spearman,avg_kendall_tau_a,max_std,max_std_step,min_std,min_std_step,mean_std,avg_snr,max_n_std
lighteval|xcopa_tur_cf|0,acc,0.8374294068239363,0.8285714285714286,0.0046983054470812954,12000.0,0.0028021156028708158,13500.0,0.0034487453210255855,103.35323640228518,26.241427410791587
lighteval|xcopa_tur_cf|0,acc_norm,0.6361608169395072,0.8428571428571429,0.005146016078626408,12500.0,0.0011547005383792436,14000.0,0.003664836074783565,79.93660146402986,15.280356026103364
lighteval|xcopa_tur_cf|0,acc_norm_token,0.7712432887986794,0.9142857142857143,0.017472730075643473,13500.0,0.01075484386993446,12000.0,0.014923674052517178,50.05282848102554,4.690533963263098
lighteval|xcopa_tur_cf|0,acc_norm_pmi,0.8741883800233505,0.6714285714285714,0.012583057392117956,14000.0,0.0063712316385916784,12000.0,0.009499531762874037,55.94472039119659,14.948105185032679
