task,metric,avg_spearman,avg_kendall_tau_a,max_std,max_std_step,min_std,min_std_step,mean_std,avg_snr,max_n_std
lighteval|xnli_tur_cf|0,acc,0.9281156047555115,0.6857142857142857,0.020956745577145025,12000.0,0.014893448721327633,13500.0,0.01817367546983798,38.85766221334305,7.134862008616174
lighteval|xnli_tur_cf|0,acc_norm,0.9391092265683147,0.8857142857142858,0.012391753530294031,14000.0,0.006454972243679,13000.0,0.008361116184878767,67.98267197216826,19.8139414646908
lighteval|xnli_tur_cf|0,acc_norm_token,0.9281156047555115,0.6857142857142857,0.020956745577145025,12000.0,0.014893448721327633,13500.0,0.01817367546983798,38.85766221334305,7.134862008616174
lighteval|xnli_tur_cf|0,acc_norm_pmi,0.9495244059552193,0.8428571428571429,0.006946221994724899,12000.0,0.003095695936834397,14000.0,0.005373807003474121,71.04503043010308,18.7948692490639
