task,metric,avg_spearman,avg_kendall_tau_a,max_std,max_std_step,min_std,min_std_step,mean_std,avg_snr,max_n_std
lighteval|xnli2.0_tur_cf|0,acc,0.9396909911608613,0.8714285714285716,0.011399723843308793,13000.0,0.008456862214705735,13500.0,0.009874658794009946,55.66437805551347,13.435063371216783
lighteval|xnli2.0_tur_cf|0,acc_norm,0.9240231321371107,0.942857142857143,0.011157126936693056,12000.0,0.006024640760767101,13500.0,0.008044991930932617,69.69528992798823,23.119973468815893
lighteval|xnli2.0_tur_cf|0,acc_norm_token,0.9396909911608613,0.8714285714285716,0.011399723843308793,13000.0,0.008456862214705735,13500.0,0.009874658794009946,55.66437805551347,13.435063371216783
lighteval|xnli2.0_tur_cf|0,acc_norm_pmi,0.9178582715550307,0.8857142857142858,0.02860118490163959,12000.0,0.016281095604229967,14000.0,0.020154844268365665,42.66992821358543,6.268137409110209
