task,metric,avg_spearman,avg_kendall_tau_a,max_std,max_std_step,min_std,min_std_step,mean_std,avg_snr,max_n_std
lighteval|xquad_tur|0,prefix_match,0.850769934990584,0.6285714285714284,0.005524356842069358,14000.0,0.0032030078456443513,12000.0,0.004369585794680182,11.215955900557093,11.061307777084382
lighteval|xquad_tur|0,f1,0.9582266009852216,0.9142857142857144,0.0017360657686560784,12000.0,0.0007448508514186751,14000.0,0.0013564537811736003,30.823862829161108,52.41949512289842
