task,metric,avg_spearman,avg_kendall_tau_a,max_std,max_std_step,min_std,min_std_step,mean_std,avg_snr,max_n_std
lighteval|acva_ara:_average|0,prefix_match,0.39273399014778315,0.9714285714285714,0.01875218185893518,12000.0,0.009598162235868327,13500.0,0.012564735494839177,3.5971940004422036,6.979540145196067
lighteval|acva_ara:_average|0,acc,0.5931048432802686,0.8428571428571429,0.09159425231119289,13000.0,0.07688595216395133,14000.0,0.08532725627263449,8.788751353505722,0.38150745129615615
lighteval|acva_ara:_average|0,acc_norm,0.41561441659882414,0.742857142857143,0.019275947174062037,12000.0,0.014662906960117026,14000.0,0.0168696242296397,55.53865610863312,6.6356592442638815
lighteval|acva_ara:_average|0,acc_norm_token,0.5931048432802686,0.8428571428571429,0.09159425231119289,13000.0,0.07688595216395133,14000.0,0.08532725627263449,8.788751353505722,0.38150745129615615
lighteval|acva_ara:_average|0,acc_norm_pmi,0.5157946891739628,0.8857142857142858,0.07385481588991641,12500.0,0.058679936959812495,13500.0,0.06446876630747897,10.669520092516038,1.626553362288167
