task,metric,avg_spearman,avg_kendall_tau_a,max_std,max_std_step,min_std,min_std_step,mean_std,avg_snr,max_n_std
lighteval|alfgahafa_mlqa_ara_cf|0,acc,0.7986865571624404,0.8714285714285716,0.01462845751666497,12000.0,0.006666666655555505,13500.0,0.01127903958034075,34.33304561721097,33.493789529603454
lighteval|alfgahafa_mlqa_ara_cf|0,acc_norm,0.731865948387794,0.8571428571428573,0.015661018161930357,13500.0,0.006542045092459174,12000.0,0.011115636099944239,37.017647706847846,33.386403422760026
lighteval|alfgahafa_mlqa_ara_cf|0,acc_norm_token,0.8263157462626995,0.8857142857142858,0.011898058074424869,12000.0,0.002222222222222252,14000.0,0.006776807612427582,53.60278719289607,60.99233694864615
lighteval|alfgahafa_mlqa_ara_cf|0,acc_norm_pmi,0.41155513552962664,0.9142857142857144,0.012619796319109223,13000.0,0.005879447355821442,14000.0,0.008503043068160805,32.84093004363471,34.497453556563116
