task,metric,avg_spearman,avg_kendall_tau_a,max_std,max_std_step,min_std,min_std_step,mean_std,avg_snr,max_n_std
lighteval|alghafa_rating_sentiment_ara_cf|0,acc,0.2657097320611952,0.8857142857142859,0.08740751726295672,14000.0,0.07074857674265339,12000.0,0.07915865207100493,8.01520612280426,0.6021662250797701
lighteval|alghafa_rating_sentiment_ara_cf|0,acc_norm,0.07434959495105495,0.7857142857142857,0.029359836511806413,14000.0,0.0188981186600383,12500.0,0.02383769934462302,20.536444858322348,0.8529905958081944
lighteval|alghafa_rating_sentiment_ara_cf|0,acc_norm_token,0.1372259926972012,0.9285714285714287,0.0379970759108879,13000.0,0.029856911849439255,12000.0,0.033688246950364854,14.79984691642095,0.3166287256121076
lighteval|alghafa_rating_sentiment_ara_cf|0,acc_norm_pmi,0.42028342130766116,0.7000000000000001,0.07419662316365139,13000.0,0.05529407911508417,14000.0,0.06577766474163634,9.599895063638394,1.4645295442616864
