task,metric,avg_spearman,avg_kendall_tau_a,max_std,max_std_step,min_std,min_std_step,mean_std,avg_snr,max_n_std
lighteval|alghafa_meta_dialects_ara_cf|0,acc,0.790321510676238,0.8142857142857143,0.00833777659322431,14000.0,0.004662696724079412,13000.0,0.005836862687971992,46.740208074352005,11.992744003426504
lighteval|alghafa_meta_dialects_ara_cf|0,acc_norm,0.637032359597931,0.8142857142857143,0.0037749172176353768,13000.0,0.0020794408080236633,14000.0,0.0029176111158348726,62.68596500453555,15.652074540989402
lighteval|alghafa_meta_dialects_ara_cf|0,acc_norm_token,0.4335093705822504,0.7714285714285715,0.014286421940144853,14000.0,0.009503897835839461,12000.0,0.012047118142226136,28.724583201456305,3.0989430744002577
lighteval|alghafa_meta_dialects_ara_cf|0,acc_norm_pmi,0.18027255273768553,0.8857142857142858,0.007343427396381473,12000.0,0.005216604543471087,13500.0,0.006018720450056343,37.62805945426768,5.095213662295878
