task,metric,avg_spearman,avg_kendall_tau_a,max_std,max_std_step,min_std,min_std_step,mean_std,avg_snr,max_n_std
lighteval|alghafa_arc_ara_cf:easy|0,acc,0.9102453781727737,0.9571428571428572,0.010573814617041283,12000.0,0.009368979548370113,13500.0,0.009903361915130995,48.58525136066258,16.79564321275572
lighteval|alghafa_arc_ara_cf:easy|0,acc_norm,0.8423164613587939,0.8857142857142858,0.00927561518375127,14000.0,0.007505553499465155,13000.0,0.008294629394344827,48.80882550236017,12.05599373350891
lighteval|alghafa_arc_ara_cf:easy|0,acc_norm_token,0.8194218813783729,0.9285714285714286,0.004426352063787148,13000.0,0.002986078811194811,14000.0,0.00380325900633451,69.7020333033595,29.273139995961973
lighteval|alghafa_arc_ara_cf:easy|0,acc_norm_pmi,0.7447763234952977,0.9571428571428572,0.010190772878042771,13000.0,0.007182153808805056,12000.0,0.008660852989826837,47.71882158061408,15.625866585231021
