task,metric,avg_spearman,avg_kendall_tau_a,max_std,max_std_step,min_std,min_std_step,mean_std,avg_snr,max_n_std
lighteval|alghafa_rating_sentiment_no_neutral_ara_cf|0,acc,0.20654843790175814,0.9,0.11018250852646795,12500.0,0.10257296409367803,14000.0,0.1067626736701518,9.024340532667786,1.0279809996055147
lighteval|alghafa_rating_sentiment_no_neutral_ara_cf|0,acc_norm,0.13198975821374562,0.9142857142857144,0.01690167644544964,14000.0,0.007284560028911525,12500.0,0.010827456163199708,57.22137406661064,-0.2462874590737297
lighteval|alghafa_rating_sentiment_no_neutral_ara_cf|0,acc_norm_token,0.1340789959808833,0.7571428571428572,0.008486918037649336,14000.0,0.0019148542155126788,12500.0,0.004475164933766021,83.58293771185883,-1.713158460109518
lighteval|alghafa_rating_sentiment_no_neutral_ara_cf|0,acc_norm_pmi,0.4063985885454966,0.8142857142857143,0.11420137347555717,13000.0,0.10032945728947205,14000.0,0.10841615832988091,7.522144046481002,1.0668766395016918
