task,metric,avg_spearman,avg_kendall_tau_a,max_std,max_std_step,min_std,min_std_step,mean_std,avg_snr,max_n_std
lighteval|alghafa_mmlu_ara_cf:_average|0,acc,0.8214005686563283,0.9857142857142858,0.0033993606480791833,13000.0,0.0028976580635015686,12000.0,0.003277694768466456,117.23534275307597,0.9656972934510244
lighteval|alghafa_mmlu_ara_cf:_average|0,acc_norm,0.8334469289140951,0.8714285714285716,0.00195513423784891,14000.0,0.0012860286036834026,12500.0,0.0016159593281699588,193.63086118604897,6.699351696510091
lighteval|alghafa_mmlu_ara_cf:_average|0,acc_norm_token,0.6998242139765253,0.9142857142857145,0.0032572978633470025,13500.0,0.0027756433641699437,12000.0,0.00305053275828171,117.96854319449143,3.7283749652546314
lighteval|alghafa_mmlu_ara_cf:_average|0,acc_norm_pmi,0.729998653052026,0.8285714285714288,0.00345933141024539,12000.0,0.002329346601532203,13000.0,0.0029044490279524077,128.7693605475928,9.451029714237569
