task,metric,avg_spearman,avg_kendall_tau_a,max_std,max_std_step,min_std,min_std_step,mean_std,avg_snr,max_n_std
lighteval|alghafa_exams_ara_cf:_average|0,acc,0.6638517772589341,0.9142857142857144,0.02241503840537159,14000.0,0.017688721058576988,12500.0,0.019838736800113825,23.9818367988323,3.1447461782433326
lighteval|alghafa_exams_ara_cf:_average|0,acc_norm,0.638377632974454,0.8571428571428573,0.012277829874894373,14000.0,0.011103516050355802,12000.0,0.0114883036257828,34.10680675440369,5.795189806548152
lighteval|alghafa_exams_ara_cf:_average|0,acc_norm_token,0.6012408367916944,0.8285714285714286,0.009275882706630854,13500.0,0.006207204421100857,12000.0,0.007991012181156583,37.30383181294457,9.754375932977029
lighteval|alghafa_exams_ara_cf:_average|0,acc_norm_pmi,0.6609083168530951,0.7857142857142857,0.013443918163823317,13500.0,0.00960466959632244,14000.0,0.012162991300017795,32.87155568963151,5.572131599450172
