task,metric,avg_spearman,avg_kendall_tau_a,max_std,max_std_step,min_std,min_std_step,mean_std,avg_snr,max_n_std
lighteval|alghafa_openbookqa_ara_cf|0,acc,-0.07912647488489706,0.6714285714285715,0.009320783260154822,12000.0,0.005670844039590871,13500.0,0.007247667879574154,22.28283947936243,-9.314502079157066
lighteval|alghafa_openbookqa_ara_cf|0,acc_norm,-0.37116602817953415,0.8571428571428573,0.009948341213918355,12500.0,0.004697744012461926,14000.0,0.0075198357373728155,35.93834597399019,4.007358828806197
lighteval|alghafa_openbookqa_ara_cf|0,acc_norm_token,0.24055429186156874,0.8285714285714286,0.01644899749744753,12500.0,0.013716837288817577,14000.0,0.01505363878989448,18.848190422843032,-0.05591677058385251
lighteval|alghafa_openbookqa_ara_cf|0,acc_norm_pmi,0.1710187810286618,0.8285714285714285,0.00833857490243072,12500.0,0.003344481361643407,14000.0,0.00606840012996201,21.713076265299172,6.297456888400547
