task,metric,avg_spearman,avg_kendall_tau_a,max_std,max_std_step,min_std,min_std_step,mean_std,avg_snr,max_n_std
lighteval|alghafa_race_ara_cf|0,acc,0.9466893788588207,0.9714285714285714,0.008032342031967938,13000.0,0.006903434464627548,12500.0,0.007719139792945473,50.73742672045702,7.384242484129168
lighteval|alghafa_race_ara_cf|0,acc_norm,0.8434508989946339,0.9000000000000001,0.007584096420702893,14000.0,0.00629741275504531,13000.0,0.007061081582896506,61.22737562210128,9.819081187402501
lighteval|alghafa_race_ara_cf|0,acc_norm_token,0.8768600449496062,0.7571428571428571,0.0036552853665768664,13000.0,0.0018929694486000625,14000.0,0.0027956946203170413,60.8951258943288,23.01157389144231
lighteval|alghafa_race_ara_cf|0,acc_norm_pmi,0.7288065878066816,0.9142857142857145,0.013036629307597254,12000.0,0.007380529941828157,14000.0,0.01071856847492352,48.61911976153001,10.63574863254428
