task,metric,avg_spearman,avg_kendall_tau_a,max_std,max_std_step,min_std,min_std_step,mean_std,avg_snr,max_n_std
lighteval|alghafa_sciqa_ara_cf|0,acc,0.9730468058727932,0.8142857142857143,0.007040491477942819,12000.0,0.005554643616794235,13000.0,0.006326929754129398,83.98083420660001,70.7803726245556
lighteval|alghafa_sciqa_ara_cf|0,acc_norm,0.8765131814376274,0.8142857142857144,0.006440385364307735,14000.0,0.005036280201328986,13000.0,0.005780798389224193,93.18949430491922,63.0951546785016
lighteval|alghafa_sciqa_ara_cf|0,acc_norm_token,0.8856905780631656,0.7571428571428573,0.014214517588077591,12000.0,0.011326057950577385,13000.0,0.012900439335448993,72.19750486889814,29.753703414213287
lighteval|alghafa_sciqa_ara_cf|0,acc_norm_pmi,0.6595648144133246,0.9428571428571428,0.01815341525573911,14000.0,0.009044709146092863,12000.0,0.013514502056715944,64.778756024078,31.946574259373616
