task,metric,avg_spearman,avg_kendall_tau_a,max_std,max_std_step,min_std,min_std_step,mean_std,avg_snr,max_n_std
lighteval|alghafa_piqa_ara_cf|0,acc,0.9057139127941902,0.8428571428571429,0.013995700397966078,14000.0,0.009004114285929166,12000.0,0.011025399469866207,83.49168437855646,8.435068521025526
lighteval|alghafa_piqa_ara_cf|0,acc_norm,0.9162694217087136,0.8571428571428573,0.005941068615686573,14000.0,0.003414294569513266,12500.0,0.004960181514786275,103.01261445907882,12.163533361325587
lighteval|alghafa_piqa_ara_cf|0,acc_norm_token,0.9316855748390888,0.8142857142857143,0.012931085142514639,12500.0,0.009708720783875625,14000.0,0.011599355967993757,70.7018933253091,6.7245112759041366
lighteval|alghafa_piqa_ara_cf|0,acc_norm_pmi,0.5018693975053408,0.8,0.013757153021583368,14000.0,0.005767084121049304,12000.0,0.009322419101588675,48.45740773914133,6.185804997421689
