task,metric,avg_spearman,avg_kendall_tau_a,max_std,max_std_step,min_std,min_std_step,mean_std,avg_snr,max_n_std
lighteval|alghafa_sentiment_ara_cf|0,acc,0.3353367270093822,0.8,0.026104313535988362,14000.0,0.017672692892541145,12500.0,0.021208609269666896,20.172881608166406,2.10606297339276
lighteval|alghafa_sentiment_ara_cf|0,acc_norm,0.22264436349692812,0.7999999999999999,0.007406203605886857,12500.0,0.004041451884327368,13000.0,0.00621116184539344,56.78232387205256,2.468673937073261
lighteval|alghafa_sentiment_ara_cf|0,acc_norm_token,0.043047213437842104,0.5714285714285714,0.0010363754503431733,14000.0,0.0006085806194501952,12000.0,0.0008227639750239147,396.4566528994794,10.736169344811053
lighteval|alghafa_sentiment_ara_cf|0,acc_norm_pmi,0.21388832198745078,0.8571428571428571,0.06029641289005016,12000.0,0.04973932046178355,13000.0,0.05425748441318793,9.492420541750484,0.7310819351285388
