task,metric,avg_spearman,avg_kendall_tau_a,max_std,max_std_step,min_std,min_std_step,mean_std,avg_snr,max_n_std
lighteval|alghafa_facts_ara_cf|0,acc,0.12927620822633568,0.7714285714285716,0.03682904560217489,13500.0,0.012765694766216168,12000.0,0.02490716747355034,23.17530709906758,0.9814220930297092
lighteval|alghafa_facts_ara_cf|0,acc_norm,0.3594112534424426,-0.2571428571428572,0.0,12000.0,0.0,12000.0,0.0,2184.000005460041,
lighteval|alghafa_facts_ara_cf|0,acc_norm_token,0.5969965580257736,0.22857142857142856,0.013333333350000023,13500.0,0.0022222222166666484,12000.0,0.009333333340000012,157.3673480571465,-1.4285714266581586
lighteval|alghafa_facts_ara_cf|0,acc_norm_pmi,0.47477647705728054,0.7857142857142857,0.06661726564073733,13500.0,0.05387074914413017,12000.0,0.059851986977625615,14.65920811997294,0.9282157263623503
