task,metric,avg_spearman,avg_kendall_tau_a,max_std,max_std_step,min_std,min_std_step,mean_std,avg_snr,max_n_std
lighteval|arcd_ara|0,prefix_match,0.9419191628604004,0.9142857142857144,0.005715476066494084,12500.0,0.004931944248881377,14000.0,0.0054495628611047845,7.813742688036581,9.970218661230085
lighteval|arcd_ara|0,f1,0.9136945812807881,0.9714285714285715,0.0070337488249797905,12500.0,0.00357414602699442,14000.0,0.005481163648499583,23.871099695633553,39.18839730175403
