task,metric,avg_spearman,avg_kendall_tau_a,max_std,max_std_step,min_std,min_std_step,mean_std,avg_snr,max_n_std
lighteval|belebele_arb_Arab_cf|0,acc,0.8710643530258864,0.8571428571428571,0.004646795095074583,12500.0,0.002876878999682205,13500.0,0.003912519918084256,61.719902182747084,23.393363812313158
lighteval|belebele_arb_Arab_cf|0,acc_norm,0.7095659853277896,0.5714285714285714,0.006220965760035435,12000.0,0.0035981072040223877,13500.0,0.004689858340114242,64.08687552177788,13.242251377928364
lighteval|belebele_arb_Arab_cf|0,acc_norm_token,0.2971954885631257,0.8285714285714286,0.01331264933674341,13000.0,0.009485636998015197,12000.0,0.011245543208197931,33.569139348791786,5.456330829378646
lighteval|belebele_arb_Arab_cf|0,acc_norm_pmi,0.03233912799994236,0.7714285714285714,0.007732044513287923,12000.0,0.0033777201471425467,13500.0,0.005917254939720773,51.92633696478677,6.152508114692001
