task,metric,avg_spearman,avg_kendall_tau_a,max_std,max_std_step,min_std,min_std_step,mean_std,avg_snr,max_n_std
lighteval|boolq_ara|0,prefix_match,0.16959191649687969,0.8714285714285713,0.06629807829179651,12000.0,0.037574986754882966,14000.0,0.05341129008700194,6.435801027434514,7.02722837665877
lighteval|boolq_ara|0,acc,0.26849263040392646,0.8857142857142858,0.04447585695466528,12500.0,0.04090684991991399,14000.0,0.04284859739938808,12.185881557972705,13.384335423035111
lighteval|boolq_ara|0,acc_norm,-0.12437886182641533,0.6142857142857142,0.005818234427371632,12000.0,0.004207576939724759,13000.0,0.0048123597151808984,67.00176809102821,132.5060270650812
lighteval|boolq_ara|0,acc_norm_token,0.26849263040392646,0.8857142857142858,0.04447585695466528,12500.0,0.04090684991991399,14000.0,0.04284859739938808,12.185881557972705,13.384335423035111
lighteval|boolq_ara|0,acc_norm_pmi,0.05743201535790352,0.8428571428571429,0.028876974038663177,12500.0,0.02345681611434558,13000.0,0.02562685784460429,24.78353844139528,24.830720066889228
