task,metric,avg_spearman,avg_kendall_tau_a,max_std,max_std_step,min_std,min_std_step,mean_std,avg_snr,max_n_std
lighteval|alghafa_exams_ara_cf:_average|0,acc,0.6638517772589341,0.9142857142857144,0.02241503840537159,14000.0,0.017688721058576988,12500.0,0.019838736800113825,23.9818367988323,3.1447461782433326
lighteval|alghafa_exams_ara_cf:_average|0,acc_norm,0.638377632974454,0.8571428571428573,0.012277829874894373,14000.0,0.011103516050355802,12000.0,0.0114883036257828,34.10680675440369,5.795189806548152
lighteval|alghafa_exams_ara_cf:_average|0,acc_norm_token,0.6012408367916944,0.8285714285714286,0.009275882706630854,13500.0,0.006207204421100857,12000.0,0.007991012181156583,37.30383181294457,9.754375932977029
lighteval|alghafa_exams_ara_cf:_average|0,acc_norm_pmi,0.6609083168530951,0.7857142857142857,0.013443918163823317,13500.0,0.00960466959632244,14000.0,0.012162991300017795,32.87155568963151,5.572131599450172
lighteval|exams_ara_cf:_average|0,acc,0.5233990147783251,0.9428571428571428,0.023716969349731713,13000.0,0.02009626433319663,12000.0,0.021990428225811657,17.03636284672507,2.9560819552556636
lighteval|exams_ara_cf:_average|0,acc_norm,0.7985221674876846,0.9000000000000002,0.012355214574312271,12500.0,0.008570664235656321,13500.0,0.010179719677288116,32.88824183038145,5.024172880461707
lighteval|exams_ara_cf:_average|0,acc_norm_token,0.552463054187192,0.7142857142857144,0.008927555650982277,13500.0,0.006908216471920486,12000.0,0.00800493184358574,30.189877415297957,9.465911200820134
lighteval|exams_ara_cf:_average|0,acc_norm_pmi,0.6232758620689653,0.9142857142857144,0.015175358594439848,13500.0,0.010859376412369769,13000.0,0.012591902276189637,22.136884631784497,5.691898792940352
