task,metric,avg_spearman,avg_kendall_tau_a,max_std,max_std_step,min_std,min_std_step,mean_std,avg_snr,max_n_std
lighteval|mkqa_ara:_average|0,prefix_match,0.851933115268358,0.8571428571428571,0.0025127364986599512,12500.0,0.0020842802899359676,14000.0,0.002252583093333776,8.643571311555519,7.439972425255488
lighteval|mkqa_ara:_average|0,f1,0.8365763546798028,0.8571428571428573,0.010508048626308275,14000.0,0.009621366565441611,12500.0,0.010185633644362507,5.038707034126774,3.736251740646143
