task,metric,avg_spearman,avg_kendall_tau_a,max_std,max_std_step,min_std,min_std_step,mean_std,avg_snr,max_n_std
lighteval|mlmm_hellaswag_ara_cf|0,acc,0.9557135940885303,0.9285714285714286,0.005124378914488991,12000.0,0.0033040379335998364,14000.0,0.004203654531141076,94.27266127475335,11.180747526186911
lighteval|mlmm_hellaswag_ara_cf|0,acc_norm,0.9517084981982326,0.9142857142857144,0.005167562646325966,12000.0,0.002872281323269012,14000.0,0.003962927312654257,77.31628654974638,16.73846833413282
lighteval|mlmm_hellaswag_ara_cf|0,acc_norm_token,0.8797695494511,0.9714285714285714,0.008404143598822524,14000.0,0.00595352369983061,13000.0,0.006996918028613609,47.566252885867335,12.33876586523906
lighteval|mlmm_hellaswag_ara_cf|0,acc_norm_pmi,0.7177333831424748,0.6142857142857142,0.012192894105447948,12000.0,0.006616477747093082,14000.0,0.010087438597884194,34.278310785262626,7.401945096580587
