task,metric,avg_spearman,avg_kendall_tau_a,max_std,max_std_step,min_std,min_std_step,mean_std,avg_snr,max_n_std
lighteval|mlmm_mmlu_ara_cf:_average|0,acc,0.8909373555955394,0.9000000000000001,0.0015503081372256467,12500.0,0.0010871377618990664,13000.0,0.0014201220993112287,169.5810878174657,-4.1428525778547085
lighteval|mlmm_mmlu_ara_cf:_average|0,acc_norm,0.40335114869898786,0.942857142857143,0.0032396124087014097,14000.0,0.002124835232947368,12500.0,0.00253190292181905,179.1340387997416,2.9865266297679858
lighteval|mlmm_mmlu_ara_cf:_average|0,acc_norm_token,0.7967501634773129,0.8571428571428571,0.0033418257840528275,12500.0,0.0030114294819502466,13500.0,0.0031964613619767193,140.90654627274637,2.2774498658410565
lighteval|mlmm_mmlu_ara_cf:_average|0,acc_norm_pmi,0.7884941647154415,0.9428571428571428,0.0038609252565605847,14000.0,0.0018210981705319926,12000.0,0.0027020930904208744,114.5645089114859,11.372259259165796
