task,metric,avg_spearman,avg_kendall_tau_a,max_std,max_std_step,min_std,min_std_step,mean_std,avg_snr,max_n_std
lighteval|mlmm_truthfulqa_ara_cf:mc1|0,acc,-0.07577374667413728,0.8,0.004444917663390661,13500.0,0.002827700955038913,12000.0,0.003398918224524047,53.07452290861644,17.85536637180052
lighteval|mlmm_truthfulqa_ara_cf:mc1|0,acc_norm,-0.5232319161248273,0.8428571428571431,0.00589553557922898,12000.0,0.0018082141333119297,13000.0,0.004116420701837671,55.39415612275906,17.781059242557724
lighteval|mlmm_truthfulqa_ara_cf:mc1|0,acc_norm_token,-0.26066150982689373,0.8857142857142859,0.004290588343365186,14000.0,0.0020072215014073666,12500.0,0.003109669096301503,51.8115967872071,19.793543608827395
lighteval|mlmm_truthfulqa_ara_cf:mc1|0,acc_norm_pmi,0.25677909604480076,0.6571428571428573,0.006386333144095273,12500.0,0.002240686690963738,14000.0,0.004736017023493901,30.381594625667454,23.922594183670583
