task,metric,avg_spearman,avg_kendall_tau_a,max_std,max_std_step,min_std,min_std_step,mean_std,avg_snr,max_n_std
lighteval|mlmm_arc_ara_cf:challenge|0,acc,0.4350377369210846,0.8142857142857143,0.009538906684769529,12000.0,0.006962199524735132,13500.0,0.008286833285253295,30.83028292434615,-4.6849616168524095
lighteval|mlmm_arc_ara_cf:challenge|0,acc_norm,0.20010988854819015,0.8571428571428574,0.004825664414050868,14000.0,0.0034894019438760234,12000.0,0.004099556641119848,49.59051521943964,-1.4205184551556536
lighteval|mlmm_arc_ara_cf:challenge|0,acc_norm_token,0.5107153205739585,0.9,0.009927048720354702,13000.0,0.0070730317246409866,12000.0,0.008454431084586364,30.906306169852492,-0.17625816786774576
lighteval|mlmm_arc_ara_cf:challenge|0,acc_norm_pmi,0.5162059660057288,0.9000000000000001,0.01353561830737567,12000.0,0.010754413392064104,13500.0,0.011957853750880614,32.69858962049205,3.0532099009805997
