task,metric,avg_spearman,avg_kendall_tau_a,max_std,max_std_step,min_std,min_std_step,mean_std,avg_snr,max_n_std
lighteval|mlmm_truthfulqa_ara_cf:mc2|0,acc,-0.6703448275862068,0.8714285714285716,0.004257673582238193,13500.0,0.0035454273385497753,12500.0,0.00395064185826228,105.67837326035205,0.2815135632557394
lighteval|mlmm_truthfulqa_ara_cf:mc2|0,acc_norm,-0.7211822660098521,0.8142857142857143,0.0031446826136710096,12500.0,0.002229990665947146,14000.0,0.0027502469797116586,129.68921789243265,0.6238958946806616
lighteval|mlmm_truthfulqa_ara_cf:mc2|0,acc_norm_token,-0.6363546798029555,0.8571428571428573,0.00274421146133319,13500.0,0.0020040557758223337,12500.0,0.0024073434271461784,115.88245150410972,-6.605002920383537
lighteval|mlmm_truthfulqa_ara_cf:mc2|0,acc_norm_pmi,-0.5609852216748767,0.8857142857142859,0.005771631478872807,13000.0,0.004043395619740604,14000.0,0.004939627367169473,64.50477349049251,2.5258725282786307
