task,metric,avg_spearman,avg_kendall_tau_a,max_std,max_std_step,min_std,min_std_step,mean_std,avg_snr,max_n_std
lighteval|soqal_ara_cf|0,acc,0.7407074719953172,0.7428571428571429,0.03775598499744877,14000.0,0.03541639433655645,13000.0,0.03642304012125196,23.529443512011586,11.165093998776888
lighteval|soqal_ara_cf|0,acc_norm,0.8497566267137289,0.8428571428571429,0.03790284307707148,12000.0,0.026002532306010212,13500.0,0.03058837112571148,26.87915895648423,13.658059008210188
lighteval|soqal_ara_cf|0,acc_norm_token,0.8522848103210663,0.7428571428571429,0.013456223815561543,12500.0,0.0063828474005158675,13500.0,0.010895832917232938,43.459065351661636,38.34289502603385
lighteval|soqal_ara_cf|0,acc_norm_pmi,0.5936333623426104,0.8428571428571429,0.03046957599935132,12000.0,0.024410751198816773,14000.0,0.02711771943467951,22.46936618127303,14.176872260935273
