task,metric,avg_spearman,avg_kendall_tau_a,max_std,max_std_step,min_std,min_std_step,mean_std,avg_snr,max_n_std
lighteval|toxigen_ara_cf|0,acc,0.014684496475184817,0.9142857142857144,0.049943542491139366,13000.0,0.042905714682311184,12500.0,0.047774261950968754,14.370107792156244,1.5036549856153256
lighteval|toxigen_ara_cf|0,acc_norm,0.3213355046234258,0.4571428571428573,0.0,12000.0,0.0,12000.0,0.0,13231.422468501776,
lighteval|toxigen_ara_cf|0,acc_norm_token,-0.2871571704562725,0.7000000000000001,0.0008912655833333283,12500.0,0.0,14000.0,0.0004634581033333242,220.5158635710967,-130.38461743442565
lighteval|toxigen_ara_cf|0,acc_norm_pmi,-0.3421931776630321,0.6,0.0021191389750917426,13000.0,0.0013769019771179044,14000.0,0.0018615884884580602,57.603852257377646,-35.52445006510355
