task,metric,avg_spearman,avg_kendall_tau_a,max_std,max_std_step,min_std,min_std_step,mean_std,avg_snr,max_n_std
lighteval|tydiqa_ara|0,prefix_match,0.9579955382740174,0.8428571428571429,0.028903870541866657,13000.0,0.026169020150925128,12000.0,0.02766862493093002,5.508067445808379,4.936790434688533
lighteval|tydiqa_ara|0,f1,0.9381280788177339,0.9857142857142858,0.03564634110864864,13500.0,0.03229427772022925,12500.0,0.03389406872363883,13.102788337765713,9.975621645098865
