task,metric,avg_spearman,avg_kendall_tau_a,max_std,max_std_step,min_std,min_std_step,mean_std,avg_snr,max_n_std
lighteval|xcodah_ara_cf|0,acc,0.7224911179638587,0.8714285714285713,0.016542749198772813,12500.0,0.011488946182606605,12000.0,0.015126255698089045,30.940862952467523,7.565946703372962
lighteval|xcodah_ara_cf|0,acc_norm,0.8421988416472915,0.6571428571428573,0.011911021280151172,12000.0,0.00717219138932465,14000.0,0.009884715861005606,38.17884639296799,8.655337874119004
lighteval|xcodah_ara_cf|0,acc_norm_token,0.8687758600272207,0.5714285714285714,0.012583057396778306,12000.0,0.005835537490628146,14000.0,0.010125332629760207,31.897653226470442,9.327539932440715
lighteval|xcodah_ara_cf|0,acc_norm_pmi,0.7010342254520985,0.8142857142857143,0.013918486976463786,12000.0,0.006849348890385288,12500.0,0.009305135500791357,25.50510095452482,9.910895142310421
