task,metric,avg_spearman,avg_kendall_tau_a,max_std,max_std_step,min_std,min_std_step,mean_std,avg_snr,max_n_std
lighteval|xcopa_ara_cf|0,acc,0.5550664079858618,0.8428571428571429,0.027384040745712972,13000.0,0.018238625554745057,12000.0,0.02192366080566284,27.06270953113974,5.237027511862597
lighteval|xcopa_ara_cf|0,acc_norm,0.02567020618436488,0.7857142857142858,0.03817690395042605,13000.0,0.025726748152071422,14000.0,0.032192327555257375,20.815553380404232,0.11504926736480459
lighteval|xcopa_ara_cf|0,acc_norm_token,0.11390474572974887,0.9285714285714287,0.022093247131704977,14000.0,0.016837261352130976,13000.0,0.019514587691218218,18.409666203621256,0.7591661701705772
lighteval|xcopa_ara_cf|0,acc_norm_pmi,0.6358011014310018,0.8857142857142859,0.039123337971275346,13000.0,0.027216552711199216,13500.0,0.032827974644507776,21.471464139981407,3.046182442958914
