task,metric,avg_spearman,avg_kendall_tau_a,max_std,max_std_step,min_std,min_std_step,mean_std,avg_snr,max_n_std
lighteval|xcsqa_ara_cf|0,acc,0.8941269679916359,0.9142857142857145,0.012396235987858046,12500.0,0.007847504911329035,14000.0,0.010251593577010045,26.952056023512508,3.153981192333184
lighteval|xcsqa_ara_cf|0,acc_norm,0.8231845828235143,0.942857142857143,0.007078266161416357,12000.0,0.005072620770517094,13500.0,0.006043157953918315,44.31360559176492,8.825407798376776
lighteval|xcsqa_ara_cf|0,acc_norm_token,0.872657783424442,0.8285714285714286,0.006512097005374478,14000.0,0.002347181130475286,12500.0,0.004416323366682263,51.370050501782536,15.548378360312887
lighteval|xcsqa_ara_cf|0,acc_norm_pmi,0.7678949065015379,0.9714285714285714,0.011993825572012114,12000.0,0.009985174194960407,14000.0,0.011084076682147215,34.031315024158545,11.127073266461842
