task,metric,avg_spearman,avg_kendall_tau_a,max_std,max_std_step,min_std,min_std_step,mean_std,avg_snr,max_n_std
lighteval|xnli2.0_ara_cf|0,acc,0.8780160686764334,0.7714285714285715,0.017540165546750364,12500.0,0.007847504911329078,14000.0,0.013424660052808682,41.59635643502704,11.670065837822778
lighteval|xnli2.0_ara_cf|0,acc_norm,0.9321285196484148,0.7571428571428572,0.01787715281001408,12000.0,0.013546558945328474,14000.0,0.015962954910492242,39.074940146456555,6.974481476493769
lighteval|xnli2.0_ara_cf|0,acc_norm_token,0.8780160686764334,0.7714285714285715,0.017540165546750364,12500.0,0.007847504911329078,14000.0,0.013424660052808682,41.59635643502704,11.670065837822778
lighteval|xnli2.0_ara_cf|0,acc_norm_pmi,0.5980893775835837,0.7571428571428571,0.029946093543541205,13000.0,0.028073151797613546,13500.0,0.028741788511659927,28.274095921556647,1.9715776088074057
