task,metric,avg_spearman,avg_kendall_tau_a,max_std,max_std_step,min_std,min_std_step,mean_std,avg_snr,max_n_std
lighteval|xnli_ara_cf|0,acc,0.8185991655158033,0.8142857142857142,0.008848519440917576,13000.0,0.004245913067619005,14000.0,0.00711216274315328,100.12548106599115,17.997338449998594
lighteval|xnli_ara_cf|0,acc_norm,0.8654288741265713,0.8285714285714286,0.008043285674675818,12000.0,0.003348576259093233,14000.0,0.0063502652352664226,71.94117626250329,14.487583839659912
lighteval|xnli_ara_cf|0,acc_norm_token,0.8185991655158033,0.8142857142857142,0.008848519440917576,13000.0,0.004245913067619005,14000.0,0.00711216274315328,100.12548106599115,17.997338449998594
lighteval|xnli_ara_cf|0,acc_norm_pmi,0.7602307231310913,0.9142857142857145,0.008337776593224275,12000.0,0.005593481656092009,14000.0,0.0066691575402052046,59.246454598487865,5.647889773122326
