task,metric,avg_spearman,avg_kendall_tau_a,max_std,max_std_step,min_std,min_std_step,mean_std,avg_snr,max_n_std
lighteval|xquad_ara|0,prefix_match,0.8773873323139276,0.9571428571428572,0.013362121698903068,13000.0,0.011419606271995867,12000.0,0.012515581492260276,3.460795824200664,4.7407572209110285
lighteval|xquad_ara|0,f1,0.8953201970443347,1.0,0.007570791947889457,13500.0,0.006401303131765565,12000.0,0.007102780055101468,14.575491046738017,21.599922993975017
