task,metric,avg_spearman,avg_kendall_tau_a,max_std,max_std_step,min_std,min_std_step,mean_std,avg_snr,max_n_std
lighteval|xstory_cloze_ara_cf|0,acc,0.8350138804073766,0.6571428571428571,0.012083045973594558,12000.0,0.00967001857595217,13000.0,0.01047064081326438,63.59901782917206,2.5149686445144726
lighteval|xstory_cloze_ara_cf|0,acc_norm,0.8614196289749119,0.9285714285714286,0.0074105780251386075,14000.0,0.005459446451386399,12000.0,0.0060617171996303326,78.78971992149896,12.702671118457278
lighteval|xstory_cloze_ara_cf|0,acc_norm_token,0.9473288558402378,0.9,0.008189311009774597,14000.0,0.0039721250959375955,12000.0,0.005797484796004987,87.74307220926978,12.074201565519697
lighteval|xstory_cloze_ara_cf|0,acc_norm_pmi,0.8325839016473161,0.7714285714285715,0.013620518291112067,12500.0,0.011422443793786848,14000.0,0.012552409554099137,70.89064655409042,7.727599994402946
