task,metric,avg_spearman,avg_kendall_tau_a,max_std,max_std_step,min_std,min_std_step,mean_std,avg_snr,max_n_std
lighteval|belebele_rus_Cyrl_cf|0,acc_norm_token,0.885369887220499,0.9571428571428572,0.0040628352184021305,12500.0,0.0019830096825295394,13500.0,0.002852625492601714,64.83346485400718,27.13549591446763
lighteval|belebele_rus_Cyrl_cf|0,acc_norm,0.8961269087100211,0.7571428571428572,0.012225962781780068,14000.0,0.009184264195226962,12500.0,0.010392770938730292,39.09414611076863,6.307803368303856
lighteval|belebele_rus_Cyrl_cf|0,acc_norm_pmi,0.7766845874136188,0.9142857142857144,0.007446655280338794,12000.0,0.003069087123905056,14000.0,0.005557751833418702,47.26139009590077,10.595811159811372
lighteval|belebele_rus_Cyrl_cf|0,acc,,-1.0,0.0,12000.0,0.0,12000.0,0.0,,
