task,metric,avg_spearman,avg_kendall_tau_a,max_std,max_std_step,min_std,min_std_step,mean_std,avg_snr,max_n_std
lighteval|chegeka_rus|0,prefix_match,-0.24273033490286058,-0.7142857142857143,0.0,12000.0,0.0,12000.0,0.0,,
lighteval|chegeka_rus|0,f1,0.8530771415162557,0.9428571428571428,0.0031787303015729344,14000.0,0.0018428322606341538,12500.0,0.0024603562318608976,4.770945562622712,5.733839725042545
