task,metric,avg_spearman,avg_kendall_tau_a,max_std,max_std_step,min_std,min_std_step,mean_std,avg_snr,max_n_std
lighteval|mathlogic_qa_rus_cf|0,acc,0.3476192231352463,0.6857142857142857,0.005392156848484844,13000.0,0.0025471335360771146,14000.0,0.004109074839639007,78.64253037577546,24.4556743277752
lighteval|mathlogic_qa_rus_cf|0,acc_norm,-0.17992370980286648,0.8000000000000002,0.010905256175816704,12000.0,0.005399578972496421,13000.0,0.007320588307294773,28.008479985350583,-4.7542519952918925
lighteval|mathlogic_qa_rus_cf|0,acc_norm_token,0.25707400630633215,0.8714285714285713,0.0267276761592079,14000.0,0.023831714758545865,12500.0,0.025132463695496748,13.787219620216222,2.5940981840556776
lighteval|mathlogic_qa_rus_cf|0,acc_norm_pmi,0.08200951291961,0.8142857142857143,0.04371731951173623,12000.0,0.0321825952287481,13500.0,0.03671561172041229,8.014373119915513,0.6408557748996643
