task,metric,avg_spearman,avg_kendall_tau_a,max_std,max_std_step,min_std,min_std_step,mean_std,avg_snr,max_n_std
lighteval|mera_openbookqa_rus_cf|0,acc,0.9226060231644677,0.7999999999999999,0.003178341053419485,12000.0,0.0005773502691896302,14000.0,0.0017041113556075054,51.031932692909564,0.5868161119339308
lighteval|mera_openbookqa_rus_cf|0,acc_norm,0.9279473798276923,0.9142857142857144,0.0037367048268444826,14000.0,0.0018559214542767128,12000.0,0.0027987688835932317,63.380618365010235,41.20859496810659
lighteval|mera_openbookqa_rus_cf|0,acc_norm_token,0.8380218496938732,0.8714285714285717,0.0068799224801834435,12000.0,0.0032087842395985985,14000.0,0.004835778879852066,51.33539937861563,19.507371134434333
lighteval|mera_openbookqa_rus_cf|0,acc_norm_pmi,0.7862823835740893,0.9000000000000002,0.016203566136982202,13000.0,0.008268637757839583,12000.0,0.011968220611221277,44.83780485883004,12.75600372235185
