task,metric,avg_spearman,avg_kendall_tau_a,max_std,max_std_step,min_std,min_std_step,mean_std,avg_snr,max_n_std
lighteval|mera_worldtree_rus_cf|0,acc,0.8309711902583199,0.7714285714285715,0.030526661406781112,12500.0,0.024178731889402214,13000.0,0.02807199675063419,14.297372906170231,5.136894957905301
lighteval|mera_worldtree_rus_cf|0,acc_norm,0.7176280585043076,0.7000000000000001,0.025965902707659704,12500.0,0.01778932621991058,14000.0,0.02296060050693379,17.21934114103174,4.260606639496409
lighteval|mera_worldtree_rus_cf|0,acc_norm_token,0.6926042717512126,0.8285714285714286,0.03729831524867143,14000.0,0.032878646439797723,12000.0,0.034205799009780935,14.75723881308844,4.385221346740315
lighteval|mera_worldtree_rus_cf|0,acc_norm_pmi,0.7405666287307643,0.7714285714285715,0.031072229421231258,14000.0,0.014850653273250327,12500.0,0.020627858208961652,16.985444024668357,9.941529638669616
