task,metric,avg_spearman,avg_kendall_tau_a,max_std,max_std_step,min_std,min_std_step,mean_std,avg_snr,max_n_std
lighteval|mkqa_rus:_average|0,prefix_match,0.6047907458214105,0.7428571428571428,0.002589462654192981,14000.0,0.0023268387179846577,12000.0,0.0024839552358630517,6.700916727405918,8.229131107065959
lighteval|mkqa_rus:_average|0,f1,0.5908374384236451,0.942857142857143,0.00399231486770545,12000.0,0.0027049745238995585,13000.0,0.0033171535313447622,5.922156221703874,9.23409233566055
