task,metric,avg_spearman,avg_kendall_tau_a,max_std,max_std_step,min_std,min_std_step,mean_std,avg_snr,max_n_std
lighteval|mlmm_mmlu_rus_cf:_average|0,acc,0.9746798029556647,0.9428571428571428,0.0018406507619264055,12000.0,0.00161306374609918,13500.0,0.0017408146672649098,146.52335454903474,3.264313354847191
lighteval|mlmm_mmlu_rus_cf:_average|0,acc_norm,0.8635467980295564,0.7,0.00147665018277784,13000.0,0.00043817315434485914,12000.0,0.0010071607909998706,189.83522160924608,15.243067479581809
lighteval|mlmm_mmlu_rus_cf:_average|0,acc_norm_token,0.8021674876847289,0.8,0.0018481043060915342,14000.0,0.0010223887421970022,13000.0,0.0013835820742454257,160.1883876360893,7.414707632911179
lighteval|mlmm_mmlu_rus_cf:_average|0,acc_norm_pmi,0.866502463054187,0.5571428571428572,0.003082548209683521,12500.0,0.002323121527278487,13000.0,0.0026641987871696715,123.05040823417377,11.325457198855693
