task,metric,avg_spearman,avg_kendall_tau_a,max_std,max_std_step,min_std,min_std_step,mean_std,avg_snr,max_n_std
lighteval|mlmm_hellaswag_rus_cf|0,acc,0.9606634581591088,0.8714285714285716,0.0051961524227066465,12500.0,0.004260064336151297,14000.0,0.004843903262639951,67.6557157421863,16.928496618099185
lighteval|mlmm_hellaswag_rus_cf|0,acc_norm,0.9795022024823229,1.0,0.008778656777367196,14000.0,0.006238322424070937,12000.0,0.007576498048644223,84.57523511971173,15.398494913826793
lighteval|mlmm_hellaswag_rus_cf|0,acc_norm_token,0.9896051010816531,0.942857142857143,0.006279744038190188,12000.0,0.0018534252575124394,13500.0,0.003279261252265278,79.87874436223125,33.95073608619182
lighteval|mlmm_hellaswag_rus_cf|0,acc_norm_pmi,0.8763841088708748,0.9142857142857145,0.013891110933361797,12000.0,0.01074106002079733,13000.0,0.012451466172874914,32.656009004176,6.96035835968193
