task,metric,avg_spearman,avg_kendall_tau_a,max_std,max_std_step,min_std,min_std_step,mean_std,avg_snr,max_n_std
lighteval|mlmm_truthfulqa_rus_cf:mc2|0,acc,-0.7694581280788175,0.942857142857143,0.004771080526085451,13000.0,0.003931737611241773,12000.0,0.004384918755724425,145.1583903534317,0.030495882390544935
lighteval|mlmm_truthfulqa_rus_cf:mc2|0,acc_norm,-0.7242364532019703,0.942857142857143,0.003716203284538884,14000.0,0.0028285086268596375,12000.0,0.0032544402156495893,129.4856845716687,6.767239926781297
lighteval|mlmm_truthfulqa_rus_cf:mc2|0,acc_norm_token,-0.7401970443349752,0.8,0.004280776005251778,14000.0,0.0033157866474803847,13500.0,0.0036122522016690806,98.58055715457374,-3.8469547688039207
lighteval|mlmm_truthfulqa_rus_cf:mc2|0,acc_norm_pmi,-0.092807881773399,0.8714285714285716,0.00734376853759996,12500.0,0.006340943283439341,14000.0,0.00679042794840812,83.70014616340809,2.0568978184368643
