task,metric,avg_spearman,avg_kendall_tau_a,max_std,max_std_step,min_std,min_std_step,mean_std,avg_snr,max_n_std
lighteval|mlmm_truthfulqa_rus_cf:mc1|0,acc,-0.13957803883220748,0.8571428571428571,0.006007165355247533,14000.0,0.004689838793278846,13500.0,0.005284626232736728,60.842192748175876,11.514915628855515
lighteval|mlmm_truthfulqa_rus_cf:mc1|0,acc_norm,-0.7139455048952283,0.9,0.008353814583489142,14000.0,0.006026991053998601,13500.0,0.007182679362074655,60.83960852035686,16.658222584518466
lighteval|mlmm_truthfulqa_rus_cf:mc1|0,acc_norm_token,-0.14462858987849941,0.7714285714285714,0.006046751738220103,12000.0,0.0017052152568017398,13000.0,0.003250978017432689,62.10336337601172,25.354102311574074
lighteval|mlmm_truthfulqa_rus_cf:mc1|0,acc_norm_pmi,0.5639254038664949,0.8285714285714286,0.015216671542211275,14000.0,0.01286482346769556,13000.0,0.013807748554045481,26.16361438807742,9.24755372682313
