task,metric,avg_spearman,avg_kendall_tau_a,max_std,max_std_step,min_std,min_std_step,mean_std,avg_snr,max_n_std
lighteval|mlmm_arc_rus_cf:challenge|0,acc,0.26038270658030155,0.7714285714285716,0.005931710140017374,13000.0,0.0035939764421413062,14000.0,0.004802437938932242,39.338046005987486,-10.30521646768782
lighteval|mlmm_arc_rus_cf:challenge|0,acc_norm,0.028030505695639273,0.7571428571428571,0.0075049366469060975,13000.0,0.00580229839517641,14000.0,0.00672679660699962,37.80430406388676,-0.4692916085369815
lighteval|mlmm_arc_rus_cf:challenge|0,acc_norm_token,0.3303211126660054,0.7714285714285715,0.011414740307878056,13000.0,0.0098224987391947,14000.0,0.010455208702902577,32.112882770137624,0.01688193304877453
lighteval|mlmm_arc_rus_cf:challenge|0,acc_norm_pmi,0.5791190721839696,0.8,0.007102425250887511,13500.0,0.004175546094247471,12000.0,0.005745151061222617,40.30349484053544,3.1057792231842294
