task,metric,avg_spearman,avg_kendall_tau_a,max_std,max_std_step,min_std,min_std_step,mean_std,avg_snr,max_n_std
lighteval|parus_rus_cf|0,acc,0.9717903487024847,0.9285714285714287,0.010485881160098258,14000.0,0.007769092372748284,12000.0,0.009255373508796594,77.13974821455999,12.42521437851216
lighteval|parus_rus_cf|0,acc_norm,0.90512507299274,0.9142857142857144,0.005610836076867786,12000.0,0.0021516574145597185,14000.0,0.003348873978274628,92.08142993670138,27.87006436755187
lighteval|parus_rus_cf|0,acc_norm_token,0.9677863666115828,0.8857142857142859,0.00721286787366601,12000.0,0.001443375672974062,14000.0,0.003945594351712543,91.21091599288374,35.48261364963548
lighteval|parus_rus_cf|0,acc_norm_pmi,0.8397772167352752,0.9285714285714287,0.015113383203368188,13500.0,0.012416387021459446,12000.0,0.013689450325865275,49.16008668342881,10.470349789174145
