task,metric,avg_spearman,avg_kendall_tau_a,max_std,max_std_step,min_std,min_std_step,mean_std,avg_snr,max_n_std
lighteval|rcb_rus_cf|0,acc,0.5335618753076774,0.7857142857142857,0.012194798620094682,12000.0,0.003698409398672709,14000.0,0.006497206675790979,43.43919950424759,18.97728145123576
lighteval|rcb_rus_cf|0,acc_norm,0.7502986162066415,0.8428571428571429,0.012231801230631468,13500.0,0.008699551710615728,12500.0,0.010618094153583758,46.73985855227774,14.735467847324724
lighteval|rcb_rus_cf|0,acc_norm_token,0.5335618753076774,0.7857142857142857,0.012194798620094682,12000.0,0.003698409398672709,14000.0,0.006497206675790979,43.43919950424759,18.97728145123576
lighteval|rcb_rus_cf|0,acc_norm_pmi,0.849505182542767,0.8,0.021370171566658568,14000.0,0.014480770702347715,12000.0,0.01867704574056544,32.473299687605774,6.419535555325473
