task,metric,avg_spearman,avg_kendall_tau_a,max_std,max_std_step,min_std,min_std_step,mean_std,avg_snr,max_n_std
lighteval|rummlu_rus_cf:_average|0,acc,0.9073891625615762,0.9142857142857144,0.002824719071306708,12000.0,0.0008263016037940131,13000.0,0.0018813418361882633,142.74173439286673,2.983186552656394
lighteval|rummlu_rus_cf:_average|0,acc_norm,0.7969458128078817,0.7142857142857142,0.003386396822553629,14000.0,0.00224394537163719,13000.0,0.0028996059674282946,101.20436492991506,2.0280780214247303
lighteval|rummlu_rus_cf:_average|0,acc_norm_token,0.7162561576354678,0.8428571428571431,0.002506744806218602,12000.0,0.0018236086061258143,13500.0,0.0021945867584784967,100.78056037073509,2.691308151985837
lighteval|rummlu_rus_cf:_average|0,acc_norm_pmi,0.846206896551724,0.8714285714285716,0.0058216157976523145,14000.0,0.003920900550951687,12000.0,0.00494698440872027,83.17052400308327,6.251973898579732
