task,metric,avg_spearman,avg_kendall_tau_a,max_std,max_std_step,min_std,min_std_step,mean_std,avg_snr,max_n_std
lighteval|sber_squad_rus|0,prefix_match,0.9693547704167134,0.8571428571428573,0.004118611776189033,13000.0,0.002846375212766553,12000.0,0.0036026992033310105,10.274957065215368,8.0495201967422
lighteval|sber_squad_rus|0,f1,0.9896551724137927,0.8857142857142858,0.00915963280446046,14000.0,0.0048641879683224785,13000.0,0.007174504597318042,17.09239291366002,22.736474380077052
