task,metric,avg_spearman,avg_kendall_tau_a,max_std,max_std_step,min_std,min_std_step,mean_std,avg_snr,max_n_std
lighteval|tydiqa_rus|0,prefix_match,0.9693579706510475,0.9142857142857143,0.019531873385949278,13000.0,0.01366689946159864,14000.0,0.016504266984207913,11.384823129622866,9.936525384026558
lighteval|tydiqa_rus|0,f1,0.9841379310344825,0.8857142857142859,0.014996547028133467,13500.0,0.010976551848073593,12500.0,0.013233107267490612,16.465488467722274,17.14808466722
