task,metric,avg_spearman,avg_kendall_tau_a,max_std,max_std_step,min_std,min_std_step,mean_std,avg_snr,max_n_std
lighteval|xcodah_rus_cf|0,acc,0.9413285244799102,0.9714285714285714,0.01438377571727168,13500.0,0.009207261405236715,12000.0,0.01260429027886677,39.473442067860795,11.107329084187603
lighteval|xcodah_rus_cf|0,acc_norm,0.9140012470457138,0.8428571428571429,0.014127578595761666,13500.0,0.0059056365772638016,12000.0,0.01049264152005001,36.44616282260458,11.542480594796505
lighteval|xcodah_rus_cf|0,acc_norm_token,0.9490213807203949,0.8428571428571427,0.017600388126448926,13000.0,0.013095879421129279,12000.0,0.015816711578201616,31.64592657251787,7.165416956172347
lighteval|xcodah_rus_cf|0,acc_norm_pmi,0.673585627335569,0.7571428571428572,0.018525924453033547,12500.0,0.013224867446572874,13500.0,0.015624018463900496,24.183437497823366,7.253789004102339
