task,metric,avg_spearman,avg_kendall_tau_a,max_std,max_std_step,min_std,min_std_step,mean_std,avg_snr,max_n_std
lighteval|xcsqa_rus_cf|0,acc,0.8800590485936137,0.8714285714285717,0.007710949772235361,14000.0,0.004386184462046009,12000.0,0.006753433720433691,46.99604515603759,10.732526499425253
lighteval|xcsqa_rus_cf|0,acc_norm,0.7743725285793102,0.8142857142857144,0.0028469247456968383,13500.0,0.001521298185802456,12000.0,0.002276934428119243,69.89703141759833,22.479010067765063
lighteval|xcsqa_rus_cf|0,acc_norm_token,0.8110622415115726,0.8857142857142858,0.011196664050015308,13500.0,0.007066447486653702,12000.0,0.00942436168847064,41.00078679113547,6.3636091952379505
lighteval|xcsqa_rus_cf|0,acc_norm_pmi,0.8314905325516626,0.9142857142857145,0.008696038604212912,14000.0,0.004555539565467777,12500.0,0.006657965835868311,49.525272041859964,20.584674895996383
