task,metric,avg_spearman,avg_kendall_tau_a,max_std,max_std_step,min_std,min_std_step,mean_std,avg_snr,max_n_std
lighteval|xnli2.0_rus_cf|0,acc,0.7655557069982948,0.6857142857142857,0.007776388764858814,13000.0,0.004880042501332825,12000.0,0.006578589667317322,74.00298166997973,24.676008315249007
lighteval|xnli2.0_rus_cf|0,acc_norm,0.8742871257665665,0.8571428571428573,0.016925490309655,14000.0,0.010901919640680404,12000.0,0.013284525247307407,46.67085711785633,14.30235529406747
lighteval|xnli2.0_rus_cf|0,acc_norm_token,0.7655557069982948,0.6857142857142857,0.007776388764858814,13000.0,0.004880042501332825,12000.0,0.006578589667317322,74.00298166997973,24.676008315249007
lighteval|xnli2.0_rus_cf|0,acc_norm_pmi,0.7446699063764541,0.9000000000000001,0.01807187296858273,13000.0,0.014964154701349671,12500.0,0.016491231891459075,34.55127571741049,7.903189658065135
