task,metric,avg_spearman,avg_kendall_tau_a,max_std,max_std_step,min_std,min_std_step,mean_std,avg_snr,max_n_std
lighteval|xnli_rus_cf|0,acc,0.8264655744585732,0.7571428571428571,0.008128596070298647,13500.0,0.00584680982974348,12000.0,0.007136683631769389,62.51845578484536,20.971458788002916
lighteval|xnli_rus_cf|0,acc_norm,0.941371989028594,0.9142857142857143,0.01599189609585874,12000.0,0.005546937760469179,14000.0,0.010093089977335806,58.57996372117053,17.07438789511544
lighteval|xnli_rus_cf|0,acc_norm_token,0.8264655744585732,0.7571428571428571,0.008128596070298647,13500.0,0.00584680982974348,12000.0,0.007136683631769389,62.51845578484536,20.971458788002916
lighteval|xnli_rus_cf|0,acc_norm_pmi,0.8079695671522801,0.6428571428571429,0.01962047305655412,12000.0,0.013616438866583596,14000.0,0.016924653516740013,43.89241323504795,6.420613961708901
