task,metric,avg_spearman,avg_kendall_tau_a,max_std,max_std_step,min_std,min_std_step,mean_std,avg_snr,max_n_std
lighteval|xquad_rus|0,prefix_match,0.9645375637177338,0.8714285714285717,0.005446711546122728,13000.0,0.002558573097704326,14000.0,0.003837617184393864,12.097241741549283,10.770572297158859
lighteval|xquad_rus|0,f1,0.9636203847504843,0.9285714285714286,0.01177271913996892,13500.0,0.010340565548060577,13000.0,0.01104826853143866,12.865645138062092,10.531626819523781
