task,metric,avg_spearman,avg_kendall_tau_a,max_std,max_std_step,min_std,min_std_step,mean_std,avg_snr,max_n_std
lighteval|xstory_cloze_rus_cf|0,acc,0.9724545717495703,1.0,0.008283741326862638,14000.0,0.004757061028579473,12500.0,0.006549449511994409,133.16573834872187,13.283559151142647
lighteval|xstory_cloze_rus_cf|0,acc_norm,0.9756327661056696,0.9428571428571428,0.007809656890077867,13500.0,0.006385022984963988,14000.0,0.007341732306769162,98.53541880496525,21.43000136197695
lighteval|xstory_cloze_rus_cf|0,acc_norm_token,0.9714935934072966,0.9285714285714286,0.013747390324739518,13000.0,0.008619529934764237,12000.0,0.011141934667738851,76.90073391998236,12.44547475836238
lighteval|xstory_cloze_rus_cf|0,acc_norm_pmi,0.9714660188656159,0.9,0.014348506181119644,12000.0,0.010708252269472652,14000.0,0.01217025734077694,59.78910899078779,13.201583349297518
