task,metric,avg_spearman,avg_kendall_tau_a,max_std,max_std_step,min_std,min_std_step,mean_std,avg_snr,max_n_std
lighteval|xwinograd_rus_cf|0,acc,0.31076113113716464,0.6714285714285715,0.016605666488083235,14000.0,0.01082610882142595,13000.0,0.013463431112632956,47.324036197273486,2.947431403977848
lighteval|xwinograd_rus_cf|0,acc_norm,0.2604255713067866,0.7714285714285715,0.00825916717122793,14000.0,0.004839655283389507,12500.0,0.006656528950218145,67.32013491161246,6.756305771823147
lighteval|xwinograd_rus_cf|0,acc_norm_token,0.40379937539905253,0.8857142857142858,0.011952676450702294,12500.0,0.008196790158900331,13500.0,0.009589465677341976,67.9727563703638,6.565846845402014
lighteval|xwinograd_rus_cf|0,acc_norm_pmi,0.3417905585692448,0.6285714285714284,0.007841881513092916,12500.0,0.002645502627777759,13500.0,0.005752462981152204,58.755994968722746,6.71440020154005
