task,metric,avg_spearman,avg_kendall_tau_a,max_std,max_std_step,min_std,min_std_step,mean_std,avg_snr,max_n_std
lighteval|belebele_tel_Telu_cf|0,acc_norm_token,0.9727799063810344,0.0,0.008117225260746402,14000.0,0.004028930592905627,13000.0,0.005392013877937839,42.046563450869776,1.7515615974784364
lighteval|belebele_tel_Telu_cf|0,acc_norm,0.9666215124434487,0.0,0.012097663084216807,12500.0,0.008890817696558837,14000.0,0.010807055106616517,32.11307079274166,0.8996180855085751
lighteval|belebele_tel_Telu_cf|0,acc_norm_pmi,0.8581280788177337,0.0,0.012799230528113669,13500.0,0.010803879980648587,12000.0,0.011522760768352822,31.15936640863316,1.5348045089945435
lighteval|belebele_tel_Telu_cf|0,acc,,0.0,0.0,12000.0,0.0,12000.0,0.0,,
