task,metric,avg_spearman,avg_kendall_tau_a,max_std,max_std_step,min_std,min_std_step,mean_std,avg_snr,max_n_std
lighteval|community_hellaswag_tel_cf|0,acc,0.6530311290903835,0.0,0.004780361058733077,14000.0,0.003665403822934789,12000.0,0.003984872448838923,96.94576264577877,9.3269401075801
lighteval|community_hellaswag_tel_cf|0,acc_norm,0.9233613738496856,0.0,0.009934507760550798,14000.0,0.005322036647193804,12000.0,0.00766602987109029,45.71479499277747,4.902581122865899
lighteval|community_hellaswag_tel_cf|0,acc_norm_token,0.9388862648431552,0.0,0.006173419725817362,14000.0,0.003236081306491298,12000.0,0.004938995209674895,58.098299260333604,8.87494955400425
lighteval|community_hellaswag_tel_cf|0,acc_norm_pmi,0.9310006059258373,0.0,0.010188501143718602,12500.0,0.00789924984717837,12000.0,0.009084795568379858,45.64611257557048,4.384615265529528
