task,metric,avg_spearman,avg_kendall_tau_a,max_std,max_std_step,min_std,min_std_step,mean_std,avg_snr,max_n_std
lighteval|indicnxnli_tel_cf|0,acc,0.61180243183176,0.0,0.0035013225014641617,14000.0,0.0019696775445817516,13500.0,0.0024204433191676858,118.46078796565388,7.23008048212332
lighteval|indicnxnli_tel_cf|0,acc_norm,0.6473563361168445,0.0,0.0017716909687891256,14000.0,0.001360827634879605,12500.0,0.001490042637493571,228.5647734213701,12.695386152497473
lighteval|indicnxnli_tel_cf|0,acc_norm_token,0.2886754860639509,0.0,0.0013471506281091173,12000.0,0.0006309898162000334,13500.0,0.0009216077535751123,333.24246771879587,18.988555523880798
lighteval|indicnxnli_tel_cf|0,acc_norm_pmi,-0.16855595935766882,0.0,0.014356247833325122,12000.0,0.00818026079453866,14000.0,0.012557786685938651,46.15877014538582,1.1214821278261469
