task,metric,avg_spearman,avg_kendall_tau_a,max_std,max_std_step,min_std,min_std_step,mean_std,avg_snr,max_n_std
lighteval|indicxcopa_tel_cf|0,acc,0.7466436809928881,0.0,0.00864741451404855,12500.0,0.005288001793018053,13500.0,0.006682377210316455,93.16901013677445,10.250843052416682
lighteval|indicxcopa_tel_cf|0,acc_norm,0.9476152917110245,0.0,0.01181336343111287,12500.0,0.007620634755325463,13500.0,0.010021632003187848,58.57511445613468,4.939315271629842
lighteval|indicxcopa_tel_cf|0,acc_norm_token,0.9077019591109708,0.0,0.009032861816312335,14000.0,0.003810317377662713,13000.0,0.005836312777206108,74.36277861453668,8.424268633903337
lighteval|indicxcopa_tel_cf|0,acc_norm_pmi,0.7,0.0,0.014887230421728173,13500.0,0.013459128803460816,13000.0,0.014347622345690685,47.458084423772355,1.6843673526105278
