task,metric,avg_spearman,avg_kendall_tau_a,max_std,max_std_step,min_std,min_std_step,mean_std,avg_snr,max_n_std
lighteval|indicqa_tel|0,prefix_match,0.12167487684729061,0.0,0.0027411350429981454,14000.0,0.0016916878441380102,13000.0,0.002291635879206546,7.711891803004982,10.947426164413
lighteval|indicqa_tel|0,f1,0.26059113300492603,0.0,0.0021748392580226705,13000.0,0.0004964058002810848,14000.0,0.0015163560482079875,10.759783201078188,15.236583058645197
