task,metric,avg_spearman,avg_kendall_tau_a,max_std,max_std_step,min_std,min_std_step,mean_std,avg_snr,max_n_std
lighteval|mlmm_mmlu_tel_cf:_average|0,acc,0.9049261083743839,0.0,0.0025675757796187085,13000.0,0.002008335207077863,12000.0,0.0022612153048930635,139.33293302865678,-3.4177748649630746
lighteval|mlmm_mmlu_tel_cf:_average|0,acc_norm,0.8103448275862067,0.0,0.0029954275082794933,12000.0,0.0018429297084086474,13000.0,0.0024491371205796362,137.78912939021427,4.644006486785928
lighteval|mlmm_mmlu_tel_cf:_average|0,acc_norm_token,0.9817733990147782,0.0,0.0017832446942396515,13000.0,0.0013493174842698179,12000.0,0.0015902585345631385,173.35390808861993,5.622199879671004
lighteval|mlmm_mmlu_tel_cf:_average|0,acc_norm_pmi,0.7625615763546796,0.0,0.004335203189159906,14000.0,0.002694538105443057,12000.0,0.0037748038562219893,80.40357019939788,2.254798842763002
