task,metric,avg_spearman,avg_kendall_tau_a,max_std,max_std_step,min_std,min_std_step,mean_std,avg_snr,max_n_std
lighteval|mlmm_truthfulqa_tel_cf:mc1|0,acc,-0.7099396531248774,0.0,0.004092407304963346,13000.0,0.00242244700401942,13500.0,0.0029661675795583696,81.34453512691498,8.329080391566533
lighteval|mlmm_truthfulqa_tel_cf:mc1|0,acc_norm,-0.7526484584167366,0.0,0.004781028000640557,12000.0,0.003398559292957897,13500.0,0.00394041554177635,49.51710116202885,2.9100173391435664
lighteval|mlmm_truthfulqa_tel_cf:mc1|0,acc_norm_token,-0.5192118226600984,0.0,0.005451039749289624,12500.0,0.0036317473965342844,13000.0,0.004723000759682619,48.381422672582595,2.0774570481597796
lighteval|mlmm_truthfulqa_tel_cf:mc1|0,acc_norm_pmi,-0.0073891625615763535,0.0,0.012250638767213563,12000.0,0.008092107985020221,13500.0,0.009740322319977169,29.39368095951809,8.191534935453108
