task,metric,avg_spearman,avg_kendall_tau_a,max_std,max_std_step,min_std,min_std_step,mean_std,avg_snr,max_n_std
lighteval|mlmm_hellaswag_tel_cf|0,acc,-0.1898188799733322,0.0,0.005944184833375653,12000.0,0.002782218672344219,13500.0,0.0040178146582018955,80.3208326040707,0.9126022424109542
lighteval|mlmm_hellaswag_tel_cf|0,acc_norm,0.79684617984048,0.0,0.006585618450105523,12000.0,0.004193248541803058,14000.0,0.005498587130928709,45.748402565444025,2.8643721787018075
lighteval|mlmm_hellaswag_tel_cf|0,acc_norm_token,0.25970187803087996,0.0,0.010556725081408733,12500.0,0.007430542575274248,14000.0,0.009083753833714483,36.00094990723846,2.137515725558464
lighteval|mlmm_hellaswag_tel_cf|0,acc_norm_pmi,0.036211356353003814,0.0,0.008246211251235291,12000.0,0.005712235081789761,13500.0,0.006928777908502772,62.313685847994165,6.242082019532623
