task,metric,avg_spearman,avg_kendall_tau_a,max_std,max_std_step,min_std,min_std_step,mean_std,avg_snr,max_n_std
lighteval|mlmm_truthfulqa_tel_cf:mc2|0,acc,-0.9891625615763545,0.0,0.001881784231342067,14000.0,0.0008466114253185012,13000.0,0.0013181873839697934,238.6183815460992,-11.430929395855868
lighteval|mlmm_truthfulqa_tel_cf:mc2|0,acc_norm,-0.9266009852216747,0.0,0.0029477100695577663,13000.0,0.0025431662738516674,12500.0,0.002780906472343311,144.8219647262142,-12.218254178238809
lighteval|mlmm_truthfulqa_tel_cf:mc2|0,acc_norm_token,-0.9118226600985219,0.0,0.002900296663504419,13000.0,0.0023485552327186443,12000.0,0.002615941780101538,147.421562571605,-13.753540050218607
lighteval|mlmm_truthfulqa_tel_cf:mc2|0,acc_norm_pmi,0.11477832512315268,0.0,0.007934413065112918,14000.0,0.0036421341268641607,12000.0,0.006358753770340201,72.25621095799515,-1.6837416580912614
