task,metric,avg_spearman,avg_kendall_tau_a,max_std,max_std_step,min_std,min_std_step,mean_std,avg_snr,max_n_std
lighteval|mlmm_arc_tel_cf:challenge|0,acc,-0.7817733990147782,0.0,0.005094477765552012,12000.0,0.003288588574877515,13000.0,0.004453088412001002,42.47316416695439,-15.624546141764553
lighteval|mlmm_arc_tel_cf:challenge|0,acc_norm,0.05075141814528568,0.0,0.006262025468086426,12500.0,0.0013608276348795404,14000.0,0.003673383253298965,52.01432485752306,-4.943894346904932
lighteval|mlmm_arc_tel_cf:challenge|0,acc_norm_token,-0.40147783251231517,0.0,0.0030474640337561183,14000.0,0.0015485955405295975,13000.0,0.0020292712365048695,62.92928691176366,-16.628704643472318
lighteval|mlmm_arc_tel_cf:challenge|0,acc_norm_pmi,0.16750831510233055,0.0,0.011291999790084096,12500.0,0.0063654158166233325,14000.0,0.008233650727968726,26.74521542429106,-2.043745347310607
