task,metric,avg_spearman,avg_kendall_tau_a,max_std,max_std_step,min_std,min_std_step,mean_std,avg_snr,max_n_std
lighteval|tydiqa_tel|0,prefix_match,0.6600148019962152,0.0,0.006589739152806684,14000.0,0.0049324837862263285,12000.0,0.005653011395545638,6.40017931947436,5.5748514101408695
lighteval|tydiqa_tel|0,f1,0.4004926108374383,0.0,0.0075100119654780174,14000.0,0.0062976654298611155,12500.0,0.006784070266309505,6.174238621145401,7.046882520131456
