task,metric,avg_spearman,avg_kendall_tau_a,max_std,max_std_step,min_std,min_std_step,mean_std,avg_snr,max_n_std
lighteval|xstory_cloze_tel_cf|0,acc,0.9414952651780992,0.0,0.004012711284387613,13000.0,0.002211083193570288,14000.0,0.0032645191391572925,169.50296958330154,15.826731124634808
lighteval|xstory_cloze_tel_cf|0,acc_norm,0.893077139692527,0.0,0.009325393448158763,13000.0,0.00818026079453872,12000.0,0.00872121040092735,91.14849289926636,9.889682284333933
lighteval|xstory_cloze_tel_cf|0,acc_norm_token,0.8033998765620224,0.0,0.008139979069952202,12500.0,0.006584915421712799,12000.0,0.007575500497404371,87.87159553651212,8.624292659702013
lighteval|xstory_cloze_tel_cf|0,acc_norm_pmi,0.9776958109674779,0.0,0.008600172263563301,14000.0,0.0024701926750461817,12500.0,0.005270277481885436,78.20201124626767,6.546144888685754
