task,metric,avg_spearman,avg_kendall_tau_a,max_std,max_std_step,min_std,min_std_step,mean_std,avg_snr,max_n_std
lighteval|belebele_hin_Deva_cf|0,acc_norm_token,0.688518775130771,0.9523809523809523,0.002493704934420726,12500.0,0.001737191033211685,12000.0,0.00222067627551042,68.44711075127272,7.838786600866543
lighteval|belebele_hin_Deva_cf|0,acc_norm,0.7961021616840599,1.0,0.006303554274497895,13500.0,0.004851474886708195,12000.0,0.005637984468840231,45.60856114746291,2.167835385301717
lighteval|belebele_hin_Deva_cf|0,acc_norm_pmi,0.6285608075823305,1.0,0.009612401506871671,13000.0,0.006530677489011232,14000.0,0.008133511824785255,30.29887784882943,2.5500351115406388
lighteval|belebele_hin_Deva_cf|0,acc,,-1.0,0.0,12000.0,0.0,12000.0,0.0,,
