task,metric,avg_spearman,avg_kendall_tau_a,max_std,max_std_step,min_std,min_std_step,mean_std,avg_snr,max_n_std
lighteval|chai_hin|0,prefix_match,0.9592214470470273,0.9523809523809524,0.0070895831775883034,12000.0,0.0020950739957053053,13000.0,0.004602197493856909,10.251208117952642,15.457444288651926
lighteval|chai_hin|0,f1,0.9325123152709357,0.8571428571428571,0.006181940102267471,13000.0,0.0032414518643348973,13500.0,0.004789835869888524,26.174557907357844,27.64227266269177
