task,metric,avg_spearman,avg_kendall_tau_a,max_std,max_std_step,min_std,min_std_step,mean_std,avg_snr,max_n_std
lighteval|community_arc_hin_cf:challenge|0,acc,0.34589870849357496,1.0,0.003156416158075944,13500.0,0.0010363754503432108,12000.0,0.0025082497672240227,48.59689474842443,-17.33868839603847
lighteval|community_arc_hin_cf:challenge|0,acc_norm,0.2225466081016331,0.5714285714285714,0.01127887241540406,12000.0,0.008744839748229937,13500.0,0.009851417573574328,43.05665147963769,-0.7687314450035013
lighteval|community_arc_hin_cf:challenge|0,acc_norm_token,0.08401808820949085,0.8095238095238094,0.006844164857204462,12500.0,0.004629814811111246,14000.0,0.005996549983480218,40.973603892119165,-1.6937118556469566
lighteval|community_arc_hin_cf:challenge|0,acc_norm_pmi,0.6505135019072009,0.8571428571428571,0.007784124394727557,12500.0,0.007039570693980963,13500.0,0.007296898350139536,36.12700247538669,3.541720188483344
