task,metric,avg_spearman,avg_kendall_tau_a,max_std,max_std_step,min_std,min_std_step,mean_std,avg_snr,max_n_std
lighteval|community_boolq_hin|0,acc,0.26948677318400427,0.4761904761904762,0.09029765593118501,14000.0,0.08263664329348579,13000.0,0.08775032196464591,7.10427386689611,-0.06077850444220735
lighteval|community_boolq_hin|0,acc_norm,0.3206588186134796,0.38095238095238104,0.0690842212783037,12000.0,0.04850276815315308,13500.0,0.05553937496855005,9.716058602287696,-1.284374074676332
lighteval|community_boolq_hin|0,acc_norm_token,0.2134992337108312,0.6666666666666666,0.0164946680498297,14000.0,0.009538906684769536,12000.0,0.013090824090662123,63.69491278633648,8.708389877556897
lighteval|community_boolq_hin|0,acc_norm_pmi,0.37940311026283197,1.0,0.10799841391153568,14000.0,0.1049862424849613,13000.0,0.10639270810340654,6.997820459820358,1.0777680981220858
lighteval|community_boolq_hin|0,prefix_match,0.7370665152930567,0.9047619047619049,0.05923118547972289,12000.0,0.0062442566203464635,14000.0,0.03253885938076527,6.057039062265674,9.301698720440777
