task,metric,avg_spearman,avg_kendall_tau_a,max_std,max_std_step,min_std,min_std_step,mean_std,avg_snr,max_n_std
lighteval|community_arc_hin_cf:easy|0,acc,0.9746274624856346,1.0,0.015379158576414986,12000.0,0.012389885361021669,13500.0,0.013698586145754126,38.74977152647255,11.619593149229392
lighteval|community_arc_hin_cf:easy|0,acc_norm,0.979053337550349,1.0,0.008139410298049873,12000.0,0.005807880980312987,13500.0,0.006753812720433022,70.53677323682336,24.406756779218384
lighteval|community_arc_hin_cf:easy|0,acc_norm_token,0.9761822231983791,0.9047619047619048,0.00857807282163856,14000.0,0.004721895413527966,13000.0,0.005880284289321222,60.319928731119035,29.109476568026974
lighteval|community_arc_hin_cf:easy|0,acc_norm_pmi,0.7916425275520762,1.0,0.01821146362617258,13000.0,0.01234533950150451,12000.0,0.015222745866165621,26.979202200634123,8.945297972555123
