task,metric,avg_spearman,avg_kendall_tau_a,max_std,max_std_step,min_std,min_std_step,mean_std,avg_snr,max_n_std
lighteval|community_hellaswag_hin_cf|0,acc,0.13408239857232032,0.9047619047619048,0.002644000896509084,12500.0,0.0018257418583505394,13000.0,0.0023111000923263956,92.87940219725509,7.644267215135228
lighteval|community_hellaswag_hin_cf|0,acc_norm,-0.17282086158791887,0.8571428571428571,0.012432037465980997,12500.0,0.009784246597540418,14000.0,0.011096183892720705,34.405124364182655,-0.9087208206731486
lighteval|community_hellaswag_hin_cf|0,acc_norm_token,0.08209404648983336,1.0,0.007793634629666737,13000.0,0.005117146195408639,12000.0,0.0064895088786753085,44.74106103927128,-0.462284597507537
lighteval|community_hellaswag_hin_cf|0,acc_norm_pmi,-0.10488785494717932,0.5714285714285714,0.009457017774392994,14000.0,0.0029186501192363717,12500.0,0.005821287509159374,44.856568173394564,-1.0306998220856538
