task,metric,avg_spearman,avg_kendall_tau_a,max_std,max_std_step,min_std,min_std_step,mean_std,avg_snr,max_n_std
lighteval|indicqa_hin|0,prefix_match,0.9449020473779437,0.7142857142857143,0.005126373006898071,13500.0,0.0023314438385334383,12000.0,0.0036263663175605436,15.320438133262867,10.907833579889374
lighteval|indicqa_hin|0,f1,0.9665024630541871,1.0,0.005856885027850089,13500.0,0.0020821062478733237,12000.0,0.0037883779050005783,24.747439760020796,25.8597697369859
