task,metric,avg_spearman,avg_kendall_tau_a,max_std,max_std_step,min_std,min_std_step,mean_std,avg_snr,max_n_std
lighteval|indicnxnli_hin_cf|0,acc,0.9099177566127671,1.0,0.01745125486308353,12500.0,0.007366088463985451,14000.0,0.013002573132002046,62.478649137796204,11.331090533974029
lighteval|indicnxnli_hin_cf|0,acc_norm,0.8919422970487177,1.0,0.019683373318239585,14000.0,0.010422553891903346,12000.0,0.015564753677120896,59.85281033168706,10.129724500454238
lighteval|indicnxnli_hin_cf|0,acc_norm_token,0.9134903401337846,0.8571428571428571,0.01820459852365354,13000.0,0.01427345373346899,12000.0,0.016502331071225885,58.832910450224176,4.827600799112351
lighteval|indicnxnli_hin_cf|0,acc_norm_pmi,0.6199742118308671,0.7619047619047619,0.017200344527126547,14000.0,0.006471447259278984,12500.0,0.009994630703338826,54.32355780592768,9.371698609672112
