task,metric,avg_spearman,avg_kendall_tau_a,max_std,max_std_step,min_std,min_std_step,mean_std,avg_snr,max_n_std
lighteval|indicxcopa_hin_cf|0,acc,0.6969193350243366,1.0,0.02003422979613437,12000.0,0.01748824738295462,13500.0,0.018848602110020724,49.82661401799303,3.052494993041341
lighteval|indicxcopa_hin_cf|0,acc_norm,0.8855847465776984,1.0,0.01922944255575493,14000.0,0.012671484415105686,12000.0,0.016023101452804382,39.50859541807666,2.617786776395823
lighteval|indicxcopa_hin_cf|0,acc_norm_token,0.8733491128986549,1.0,0.016874760819290874,14000.0,0.010197177803554596,12000.0,0.014039689499272348,50.912155378566496,2.4059483368026533
lighteval|indicxcopa_hin_cf|0,acc_norm_pmi,0.7236866998235918,1.0,0.030713649831046623,14000.0,0.025727874455753807,12500.0,0.028665058625023852,30.69523973298125,2.991310904156991
