task,metric,avg_spearman,avg_kendall_tau_a,max_std,max_std_step,min_std,min_std_step,mean_std,avg_snr,max_n_std
lighteval|meta_mmlu_hin_cf:_average|0,acc,0.9394088669950736,0.9047619047619048,0.002230412416870737,12500.0,0.001553795499512348,12000.0,0.0019293799483079705,128.2505930261548,-2.9421649884521432
lighteval|meta_mmlu_hin_cf:_average|0,acc_norm,0.7284072249589489,1.0,0.002246462148401746,13000.0,0.0016769612551013576,14000.0,0.0019531290920547723,163.71643081115005,2.9779262195180407
lighteval|meta_mmlu_hin_cf:_average|0,acc_norm_token,0.6967159277504104,0.8571428571428571,0.00142512494253204,12000.0,0.000831484774764488,12500.0,0.001046022625273584,158.34531522507322,1.0484044100351482
lighteval|meta_mmlu_hin_cf:_average|0,acc_norm_pmi,0.818390804597701,0.8571428571428571,0.0023713430339614102,12000.0,0.00036054585982513794,13500.0,0.0013029746606978616,95.93894239224831,13.849729733297194
