task,metric,avg_spearman,avg_kendall_tau_a,max_std,max_std_step,min_std,min_std_step,mean_std,avg_snr,max_n_std
lighteval|mintaka_hin|0,prefix_match,0.3308209623387885,0.6666666666666666,0.001186342028003479,13500.0,0.0006871842709362741,12500.0,0.0009324194100527197,15.494276465330879,22.52205367412144
lighteval|mintaka_hin|0,f1,0.13793103448275862,0.8571428571428571,0.0007670212483753017,12500.0,0.0005192823344933036,13500.0,0.0006628012210251969,4.01415859006738,7.428491645983492
