task,metric,avg_spearman,avg_kendall_tau_a,max_std,max_std_step,min_std,min_std_step,mean_std,avg_snr,max_n_std
lighteval|mlmm_truthfulqa_hin_cf:mc2|0,acc,-0.9169129720853856,0.9523809523809523,0.007794057318136081,14000.0,0.005455699542058974,13000.0,0.006394975612058329,82.57430108064956,-2.3829497534906867
lighteval|mlmm_truthfulqa_hin_cf:mc2|0,acc_norm,-0.9573070607553363,0.9523809523809523,0.009379716739226754,13000.0,0.00793502421322332,12000.0,0.008757104419825306,63.2784188314257,-0.819197900860073
lighteval|mlmm_truthfulqa_hin_cf:mc2|0,acc_norm_token,-0.9064039408866993,1.0,0.009014748363104138,12000.0,0.007816561843112678,13500.0,0.008368209868522254,59.52714778710417,-3.046692458790137
lighteval|mlmm_truthfulqa_hin_cf:mc2|0,acc_norm_pmi,-0.4844006568144499,0.6666666666666666,0.008158045672091182,12500.0,0.006287760628292823,14000.0,0.007547883652665686,69.46643574879376,-1.353588500673096
