task,metric,avg_spearman,avg_kendall_tau_a,max_std,max_std_step,min_std,min_std_step,mean_std,avg_snr,max_n_std
lighteval|mlmm_truthfulqa_hin_cf:mc1|0,acc,-0.8322864126849131,0.761904761904762,0.015872873089344288,14000.0,0.01258382957748258,12000.0,0.014186886432615156,25.29619142626103,0.8347425659310311
lighteval|mlmm_truthfulqa_hin_cf:mc1|0,acc_norm,-0.8913608548814355,0.9523809523809523,0.011586915767975938,12000.0,0.008512279596838897,13000.0,0.009892518468100905,30.915858428225143,5.0112798965051475
lighteval|mlmm_truthfulqa_hin_cf:mc1|0,acc_norm_token,-0.6702467154578535,0.8571428571428571,0.01426290247052114,12000.0,0.01239086506197248,13000.0,0.013507664917524292,23.01565881455089,2.5367712764731722
lighteval|mlmm_truthfulqa_hin_cf:mc1|0,acc_norm_pmi,0.5992252278982941,1.0,0.009741508622170936,14000.0,0.007562765794648584,13000.0,0.008399401445457325,39.19393130548433,14.231928557796339
