task,metric,avg_spearman,avg_kendall_tau_a,max_std,max_std_step,min_std,min_std_step,mean_std,avg_snr,max_n_std
lighteval|mlmm_mmlu_hin_cf:_average|0,acc,0.8707717569786534,0.9047619047619048,0.001868490365192485,12500.0,0.0014218603111643723,13500.0,0.0016349002728659081,137.80074287173576,-3.62740037731529
lighteval|mlmm_mmlu_hin_cf:_average|0,acc_norm,0.5075533661740558,0.9523809523809523,0.002551768792225463,14000.0,0.002199217712061145,13000.0,0.0023695371895914924,133.9856904703226,4.3388702001222486
lighteval|mlmm_mmlu_hin_cf:_average|0,acc_norm_token,0.6725779967159276,0.8571428571428571,0.0020037060411550885,13000.0,0.0013633563627526552,13500.0,0.0016913241161953126,144.35308757099418,2.6296123201614194
lighteval|mlmm_mmlu_hin_cf:_average|0,acc_norm_pmi,0.5558292282430212,0.8095238095238095,0.0035322158602150077,14000.0,0.001304922450013862,12000.0,0.0025481148396057176,89.25610671725568,8.329781859420017
