task,metric,avg_spearman,avg_kendall_tau_a,max_std,max_std_step,min_std,min_std_step,mean_std,avg_snr,max_n_std
lighteval|mlmm_hellaswag_hin_cf|0,acc,0.9681655682665641,1.0,0.004185512933741667,13000.0,0.002589151155051362,14000.0,0.003366161798840875,92.07369089348542,17.824455146707674
lighteval|mlmm_hellaswag_hin_cf|0,acc_norm,0.9313305032645451,1.0,0.004202071799411271,12000.0,0.0021322045624883853,13500.0,0.003538088750800625,88.0534033003195,22.799503446150926
lighteval|mlmm_hellaswag_hin_cf|0,acc_norm_token,0.9182417043553109,0.9523809523809523,0.007786503042420861,12000.0,0.005196152422706636,14000.0,0.00662122167433927,54.23469849938804,15.45535527528538
lighteval|mlmm_hellaswag_hin_cf|0,acc_norm_pmi,0.8145109237245141,0.619047619047619,0.005921555101053693,14000.0,0.0031091263510295815,12000.0,0.00441839250331581,55.21241350366181,16.389822002531723
