task,metric,avg_spearman,avg_kendall_tau_a,max_std,max_std_step,min_std,min_std_step,mean_std,avg_snr,max_n_std
lighteval|mlmm_arc_hin_cf:challenge|0,acc,0.09784955731656882,0.6666666666666667,0.010503526744578426,12500.0,0.007428673177976351,13500.0,0.00880864789986712,25.544682937523834,-6.52657450801281
lighteval|mlmm_arc_hin_cf:challenge|0,acc_norm,0.22600845909646025,0.9047619047619048,0.009975432785561702,12500.0,0.008057662559695958,14000.0,0.008852377315369052,37.474743698003174,-0.9590979384252943
lighteval|mlmm_arc_hin_cf:challenge|0,acc_norm_token,0.3796986177370169,0.7142857142857143,0.010282581459997355,13500.0,0.008981462390205001,13000.0,0.009521014756797093,28.246554701227673,-1.8020099682916206
lighteval|mlmm_arc_hin_cf:challenge|0,acc_norm_pmi,0.7073746392661596,0.9047619047619049,0.011393224107141749,14000.0,0.007275020682164833,12500.0,0.009182498224909099,25.92667433904191,2.197263679137069
