task,metric,avg_spearman,avg_kendall_tau_a,max_std,max_std_step,min_std,min_std_step,mean_std,avg_snr,max_n_std
lighteval|mlqa_hin|0,prefix_match,0.9478837855571701,0.38095238095238093,0.0036754944237829094,14000.0,0.0024094720491334956,12000.0,0.002984701678722733,15.583125880846124,15.076883670081632
lighteval|mlqa_hin|0,f1,0.9632183908045975,1.0,0.004013724640973433,13000.0,0.0022743098997258394,14000.0,0.0033698442776430777,24.39568624183259,28.678652395848996
