task,metric,avg_spearman,avg_kendall_tau_a,max_std,max_std_step,min_std,min_std_step,mean_std,avg_snr,max_n_std
lighteval|xcodah_hin_cf|0,acc,0.8003523570494872,0.9047619047619048,0.004832588296771241,12500.0,0.003454584841029153,14000.0,0.004108721034485707,46.5024179626208,22.986336544624603
lighteval|xcodah_hin_cf|0,acc_norm,0.699331695357554,0.4285714285714285,0.015406027371867078,14000.0,0.01266861581981723,12500.0,0.013609623256864902,31.692301167869463,6.123118308311636
lighteval|xcodah_hin_cf|0,acc_norm_token,0.6680732611254009,0.9523809523809523,0.008382570592894281,13500.0,0.006446998223245854,12500.0,0.00748657200492924,35.50156257372092,12.318351065429313
lighteval|xcodah_hin_cf|0,acc_norm_pmi,0.4456302945766106,0.8095238095238095,0.01084875446037764,13500.0,0.005171940762521238,12500.0,0.008270072235771985,33.51509698288021,9.404727739890939
