task,metric,avg_spearman,avg_kendall_tau_a,max_std,max_std_step,min_std,min_std_step,mean_std,avg_snr,max_n_std
lighteval|xcsqa_hin_cf|0,acc,0.9352035381469385,1.0,0.008166666666666664,13500.0,0.005958964613022922,12000.0,0.007291791224061929,38.51626398461191,4.022788424953433
lighteval|xcsqa_hin_cf|0,acc_norm,0.8813810951833849,1.0,0.01000185168041582,14000.0,0.007953568963632557,12000.0,0.008841303928323146,42.66296260536243,6.4470128458541405
lighteval|xcsqa_hin_cf|0,acc_norm_token,0.7670195849310392,0.9523809523809523,0.012342339054382399,12000.0,0.01022116540430797,13500.0,0.011311550246120735,37.91999035374526,4.184513378222949
lighteval|xcsqa_hin_cf|0,acc_norm_pmi,0.6668030609155035,1.0,0.021997264139652223,13500.0,0.0160008680320093,12000.0,0.019366492487570663,25.504659756671188,5.008650898568968
