task,metric,avg_spearman,avg_kendall_tau_a,max_std,max_std_step,min_std,min_std_step,mean_std,avg_snr,max_n_std
lighteval|xnli2.0_hin_cf|0,acc,0.9567711918683822,0.7619047619047619,0.02790526301083188,12500.0,0.015947831618540867,14000.0,0.022758877647784777,48.03997418376938,8.231220196026118
lighteval|xnli2.0_hin_cf|0,acc_norm,0.9088584648193744,1.0,0.015270402260097363,14000.0,0.0025294560972960226,12000.0,0.008429759056092934,67.621608889033,23.250961112385944
lighteval|xnli2.0_hin_cf|0,acc_norm_token,0.9238669295577334,0.8571428571428571,0.02867764647608674,12500.0,0.02423725323638073,12000.0,0.02625284539709951,34.23049646072598,2.361648768435973
lighteval|xnli2.0_hin_cf|0,acc_norm_pmi,0.8991261917944143,0.9523809523809524,0.014153588734807678,13500.0,0.007057305119913351,12000.0,0.01045602597379773,53.58674929770086,11.221599260308329
