task,metric,avg_spearman,avg_kendall_tau_a,max_std,max_std_step,min_std,min_std_step,mean_std,avg_snr,max_n_std
lighteval|indicnxnli_hin_cf|0,acc,0.9099177566127671,1.0,0.01745125486308353,12500.0,0.007366088463985451,14000.0,0.013002573132002046,62.478649137796204,11.331090533974029
lighteval|indicnxnli_hin_cf|0,acc_norm,0.8919422970487177,1.0,0.019683373318239585,14000.0,0.010422553891903346,12000.0,0.015564753677120896,59.85281033168706,10.129724500454238
lighteval|indicnxnli_hin_cf|0,acc_norm_token,0.9134903401337846,0.8571428571428571,0.01820459852365354,13000.0,0.01427345373346899,12000.0,0.016502331071225885,58.832910450224176,4.827600799112351
lighteval|indicnxnli_hin_cf|0,acc_norm_pmi,0.6199742118308671,0.7619047619047619,0.017200344527126547,14000.0,0.006471447259278984,12500.0,0.009994630703338826,54.32355780592768,9.371698609672112
lighteval|xnli_hin_cf|0,acc,0.8854425060966523,1.0,0.012400716825158855,14000.0,0.010998316369470544,12500.0,0.011594374391693816,54.30110740982174,13.886044607576247
lighteval|xnli_hin_cf|0,acc_norm,0.8880467304710479,1.0,0.014783311411733693,12500.0,0.010785793124908977,12000.0,0.012960644912530262,46.111200185586796,11.547779271536868
lighteval|xnli_hin_cf|0,acc_norm_token,0.9444931606789511,1.0,0.012374929853897694,12500.0,0.009430054396763844,12000.0,0.011013673875551647,78.78982664316594,6.053081598380595
lighteval|xnli_hin_cf|0,acc_norm_pmi,0.6853347640333552,0.7619047619047619,0.007939586704422151,12500.0,0.004932882862316285,12000.0,0.006444919143975529,53.96538223704021,14.326530910731929
