task,metric,avg_spearman,avg_kendall_tau_a,max_std,max_std_step,min_std,min_std_step,mean_std,avg_snr,max_n_std
lighteval|xquad_hin|0,prefix_match,0.8673864155758092,0.5238095238095238,0.005989960736902174,14000.0,0.005166666666666665,13000.0,0.005592460907415257,9.297204994620314,8.22535924015255
lighteval|xquad_hin|0,f1,0.9366174055829227,0.8095238095238094,0.004592335497539744,12000.0,0.003390100095513785,13500.0,0.0038636097263189256,20.779118377556436,19.89732800296151
