task,metric,avg_spearman,avg_kendall_tau_a,max_std,max_std_step,min_std,min_std_step,mean_std,avg_snr,max_n_std
lighteval|xstory_cloze_hin_cf|0,acc,0.9156913194704854,0.9047619047619048,0.0033829638550307616,14000.0,0.0012322818340454978,12000.0,0.002419265736333255,157.9324680136486,18.94514217474943
lighteval|xstory_cloze_hin_cf|0,acc_norm,0.8677962290332161,1.0,0.005466226269523571,14000.0,0.0041320786626193595,12000.0,0.0045719949828200565,135.28888714819345,17.64364724147411
lighteval|xstory_cloze_hin_cf|0,acc_norm_token,0.891414237049748,1.0,0.007131048439875579,13500.0,0.005971382369887827,13000.0,0.006634337217761205,93.508981524294,9.043857439047605
lighteval|xstory_cloze_hin_cf|0,acc_norm_pmi,0.739024074283365,0.6666666666666666,0.012169710425965416,12000.0,0.009488296884993473,13500.0,0.010951190847465302,63.67798758502469,8.431350947984283
